-- phpMyAdmin SQL Dump
-- version 5.2.1
-- https://www.phpmyadmin.net/
--
-- Host: 127.0.0.1
-- Generation Time: Feb 14, 2025 at 01:27 PM
-- Server version: 10.4.28-MariaDB
-- PHP Version: 8.2.4

SET SQL_MODE = "NO_AUTO_VALUE_ON_ZERO";
START TRANSACTION;
SET time_zone = "+00:00";


/*!40101 SET @OLD_CHARACTER_SET_CLIENT=@@CHARACTER_SET_CLIENT */;
/*!40101 SET @OLD_CHARACTER_SET_RESULTS=@@CHARACTER_SET_RESULTS */;
/*!40101 SET @OLD_COLLATION_CONNECTION=@@COLLATION_CONNECTION */;
/*!40101 SET NAMES utf8mb4 */;

--
-- Database: `laravel`
--
CREATE DATABASE IF NOT EXISTS `laravel` DEFAULT CHARACTER SET utf8mb4 COLLATE utf8mb4_general_ci;
USE `laravel`;

-- --------------------------------------------------------

--
-- Table structure for table `chats_preferences`
--

CREATE TABLE `chats_preferences` (
  `id` bigint(20) UNSIGNED NOT NULL,
  `telegraph_chat_id` varchar(255) NOT NULL,
  `notification_preferences` varchar(255) DEFAULT NULL,
  `preferred_cultures` longtext CHARACTER SET utf8mb4 COLLATE utf8mb4_bin DEFAULT NULL CHECK (json_valid(`preferred_cultures`)),
  `created_at` timestamp NULL DEFAULT NULL,
  `updated_at` timestamp NULL DEFAULT NULL
) ENGINE=InnoDB DEFAULT CHARSET=utf8mb4 COLLATE=utf8mb4_unicode_ci;

--
-- Dumping data for table `chats_preferences`
--

INSERT INTO `chats_preferences` (`id`, `telegraph_chat_id`, `notification_preferences`, `preferred_cultures`, `created_at`, `updated_at`) VALUES
(1, '473946323', 'all', NULL, '2024-07-09 19:01:39', '2024-07-10 14:40:50');

-- --------------------------------------------------------

--
-- Table structure for table `company_verifications`
--

CREATE TABLE `company_verifications` (
  `id` bigint(20) UNSIGNED NOT NULL,
  `user_id` bigint(20) UNSIGNED NOT NULL,
  `company_name` varchar(255) NOT NULL,
  `bank_name` varchar(255) NOT NULL,
  `director_name` varchar(255) NOT NULL,
  `legal_address` varchar(255) NOT NULL,
  `account_number` varchar(255) NOT NULL,
  `tax_id` varchar(255) DEFAULT NULL,
  `phone` varchar(255) NOT NULL,
  `verified` tinyint(1) NOT NULL DEFAULT 0,
  `created_at` timestamp NULL DEFAULT NULL,
  `updated_at` timestamp NULL DEFAULT NULL
) ENGINE=InnoDB DEFAULT CHARSET=utf8mb4 COLLATE=utf8mb4_unicode_ci;

--
-- Dumping data for table `company_verifications`
--

INSERT INTO `company_verifications` (`id`, `user_id`, `company_name`, `bank_name`, `director_name`, `legal_address`, `account_number`, `tax_id`, `phone`, `verified`, `created_at`, `updated_at`) VALUES
(2, 3, 'OOO NOMAD', 'JUSAN', 'CZ', 'Валиханова', '123213', '123123', '+77051417008', 1, '2024-07-01 17:35:31', '2024-07-01 17:35:31'),
(6, 11, 'OOO NOMAD', 'JUSAN', 'CZ', 'Валиханова', '123213', '123123', '+77051417008', 1, '2024-07-13 13:58:16', '2024-07-13 13:58:16'),
(7, 1, 'OOO NOMAD', 'JUSAN', 'CZ', 'Валиханова', '123213', '123123', '+77051417008', 1, '2024-07-22 14:47:59', '2024-07-22 14:47:59');

-- --------------------------------------------------------

--
-- Table structure for table `contacts`
--

CREATE TABLE `contacts` (
  `id` bigint(20) UNSIGNED NOT NULL,
  `user_id` bigint(20) UNSIGNED NOT NULL,
  `contact_id` bigint(20) UNSIGNED NOT NULL,
  `created_at` timestamp NULL DEFAULT NULL,
  `updated_at` timestamp NULL DEFAULT NULL
) ENGINE=InnoDB DEFAULT CHARSET=utf8mb4 COLLATE=utf8mb4_unicode_ci;

--
-- Dumping data for table `contacts`
--

INSERT INTO `contacts` (`id`, `user_id`, `contact_id`, `created_at`, `updated_at`) VALUES
(3, 11, 1, NULL, NULL),
(4, 1, 11, NULL, NULL),
(5, 3, 11, NULL, NULL),
(6, 11, 3, NULL, NULL),
(7, 3, 1, NULL, NULL),
(8, 1, 3, NULL, NULL);

-- --------------------------------------------------------

--
-- Table structure for table `cultures`
--

CREATE TABLE `cultures` (
  `id` bigint(20) UNSIGNED NOT NULL,
  `title` varchar(255) NOT NULL,
  `created_at` timestamp NULL DEFAULT NULL,
  `updated_at` timestamp NULL DEFAULT NULL
) ENGINE=InnoDB DEFAULT CHARSET=utf8mb4 COLLATE=utf8mb4_unicode_ci;

--
-- Dumping data for table `cultures`
--

INSERT INTO `cultures` (`id`, `title`, `created_at`, `updated_at`) VALUES
(1, 'Пшеница 1 класс', '2024-06-28 15:39:51', '2024-06-28 15:39:51'),
(2, 'Пшеница 2 класс', '2024-06-28 15:39:56', '2024-06-28 15:39:56'),
(3, 'Пшеница 3 класс', '2024-06-28 15:39:59', '2024-06-28 15:39:59'),
(4, 'Пшеница 4 класс', '2024-06-28 15:40:03', '2024-06-28 15:40:03'),
(5, 'Ячмень', '2024-06-28 15:40:05', '2024-06-28 15:40:05'),
(6, 'Соя', '2024-06-28 15:40:07', '2024-06-28 15:40:07'),
(7, 'Какая-то культура', '2024-06-28 15:40:09', '2024-06-28 15:40:09');

-- --------------------------------------------------------

--
-- Table structure for table `currency_exchanges`
--

CREATE TABLE `currency_exchanges` (
  `id` bigint(20) UNSIGNED NOT NULL,
  `currency` varchar(255) NOT NULL,
  `rate` decimal(10,4) NOT NULL,
  `created_at` timestamp NULL DEFAULT NULL,
  `updated_at` timestamp NULL DEFAULT NULL
) ENGINE=InnoDB DEFAULT CHARSET=utf8mb4 COLLATE=utf8mb4_unicode_ci;

--
-- Dumping data for table `currency_exchanges`
--

INSERT INTO `currency_exchanges` (`id`, `currency`, `rate`, `created_at`, `updated_at`) VALUES
(1, 'USD', 1.0000, '2024-07-11 20:15:29', '2024-07-11 21:48:15'),
(2, 'RUB', 88.2312, '2024-07-11 20:15:29', '2024-07-11 21:48:15'),
(3, 'KZT', 477.7938, '2024-07-11 20:15:29', '2024-07-11 21:48:15');

-- --------------------------------------------------------

--
-- Table structure for table `failed_jobs`
--

CREATE TABLE `failed_jobs` (
  `id` bigint(20) UNSIGNED NOT NULL,
  `uuid` varchar(255) NOT NULL,
  `connection` text NOT NULL,
  `queue` text NOT NULL,
  `payload` longtext NOT NULL,
  `exception` longtext NOT NULL,
  `failed_at` timestamp NOT NULL DEFAULT current_timestamp()
) ENGINE=InnoDB DEFAULT CHARSET=utf8mb4 COLLATE=utf8mb4_unicode_ci;

-- --------------------------------------------------------

--
-- Table structure for table `favorites`
--

CREATE TABLE `favorites` (
  `id` bigint(20) UNSIGNED NOT NULL,
  `user_id` bigint(20) UNSIGNED NOT NULL,
  `listing_id` bigint(20) UNSIGNED NOT NULL,
  `created_at` timestamp NULL DEFAULT NULL,
  `updated_at` timestamp NULL DEFAULT NULL
) ENGINE=InnoDB DEFAULT CHARSET=utf8mb4 COLLATE=utf8mb4_unicode_ci;

--
-- Dumping data for table `favorites`
--

INSERT INTO `favorites` (`id`, `user_id`, `listing_id`, `created_at`, `updated_at`) VALUES
(4, 11, 1, '2024-07-04 11:50:07', '2024-07-04 11:50:07'),
(5, 11, 5, '2024-07-04 13:09:11', '2024-07-04 13:09:11'),
(7, 1, 103, '2024-07-05 08:45:46', '2024-07-05 08:45:46'),
(8, 1, 119, '2024-07-18 16:13:03', '2024-07-18 16:13:03');

-- --------------------------------------------------------

--
-- Table structure for table `listings`
--

CREATE TABLE `listings` (
  `id` bigint(20) UNSIGNED NOT NULL,
  `user_id` bigint(20) UNSIGNED NOT NULL,
  `image` varchar(255) DEFAULT NULL,
  `title` varchar(255) NOT NULL,
  `region` varchar(255) NOT NULL,
  `culture` varchar(255) NOT NULL,
  `volume` int(11) NOT NULL,
  `value` int(11) NOT NULL,
  `currency` varchar(255) NOT NULL,
  `additional_info` text NOT NULL,
  `published_at` timestamp NULL DEFAULT NULL,
  `featured` tinyint(1) NOT NULL DEFAULT 0,
  `active` tinyint(1) NOT NULL DEFAULT 1,
  `deleted_at` timestamp NULL DEFAULT NULL,
  `created_at` timestamp NULL DEFAULT NULL,
  `updated_at` timestamp NULL DEFAULT NULL
) ENGINE=InnoDB DEFAULT CHARSET=utf8mb4 COLLATE=utf8mb4_unicode_ci;

--
-- Dumping data for table `listings`
--

INSERT INTO `listings` (`id`, `user_id`, `image`, `title`, `region`, `culture`, `volume`, `value`, `currency`, `additional_info`, `published_at`, `featured`, `active`, `deleted_at`, `created_at`, `updated_at`) VALUES
(1, 1, NULL, 'Покупка', 'Алматы, Казахстан', 'Ячмень', 1869386, 8, 'тенге', 'Aut dolores explicabo labore aut necessitatibus.', '2024-06-28 10:12:26', 0, 1, NULL, '2024-06-28 10:12:26', '2024-06-28 10:12:26'),
(2, 1, NULL, 'Покупка', 'Киев, Украина', 'Пшеница 3 класс', 5, 3, 'тенге', 'Eaque dolores veritatis id dolores et odit aut.', '2024-06-28 10:12:26', 0, 1, NULL, '2024-06-28 10:12:26', '2024-06-28 10:12:26'),
(3, 1, NULL, 'Продажа', 'Кокшетау, Казахстан', 'Пшеница 2 класс', 6679514, 9387900, 'тенге', 'Voluptatum qui iure id occaecati ratione aperiam.', '2024-06-28 10:12:26', 0, 1, NULL, '2024-06-28 10:12:26', '2024-06-28 10:12:26'),
(4, 1, NULL, 'Покупка', 'Киев, Украина', 'Пшеница 2 класс', 90554864, 7238413, 'тенге', 'Nihil qui saepe eum esse earum a.', '2024-06-28 10:12:26', 0, 1, NULL, '2024-06-28 10:12:26', '2024-06-28 10:12:26'),
(5, 1, NULL, 'Покупка', 'Кокшетау, Казахстан', 'Пшеница 2 класс', 259, 6852810, 'тенге', 'Laudantium alias ea ut sequi adipisci.', '2024-06-28 10:12:26', 0, 1, NULL, '2024-06-28 10:12:26', '2024-06-28 10:12:26'),
(6, 1, NULL, 'Покупка', 'Алматы, Казахстан', 'Пшеница 1 класс', 4529839, 33, 'тенге', 'Harum reiciendis inventore aut voluptatum eum.', '2024-06-28 10:12:26', 0, 1, NULL, '2024-06-28 10:12:26', '2024-06-28 10:12:26'),
(7, 1, NULL, 'Продажа', 'Киев, Украина', 'Овес', 6, 8047829, 'тенге', 'Voluptas odio voluptatibus vel voluptas magnam autem eum.', '2024-06-28 10:12:26', 0, 1, NULL, '2024-06-28 10:12:26', '2024-06-28 10:12:26'),
(8, 1, NULL, 'Покупка', 'Сидней, Австралия', 'Овес', 0, 3, 'тенге', 'Velit minima blanditiis aperiam exercitationem.', '2024-06-28 10:12:26', 0, 1, NULL, '2024-06-28 10:12:26', '2024-06-28 10:12:26'),
(9, 1, NULL, 'Покупка', 'Лондон, Великобритания', 'Пшеница 3 класс', 4752546, 2, 'тенге', 'Ab quia sunt autem corporis.', '2024-06-28 10:12:26', 0, 1, NULL, '2024-06-28 10:12:26', '2024-06-28 10:12:26'),
(10, 1, NULL, 'Покупка', 'Алматы, Казахстан', 'Пшеница 3 класс', 242, 24448450, 'тенге', 'Corporis nesciunt corporis error repellendus quam.', '2024-06-28 10:12:26', 0, 1, NULL, '2024-06-28 10:12:26', '2024-06-28 10:12:26'),
(11, 1, NULL, 'Продажа', 'Сидней, Австралия', 'Ячмень', 486, 97, 'тенге', 'Neque est architecto et corporis rerum eum quo.', '2024-06-28 10:12:26', 0, 1, NULL, '2024-06-28 10:12:26', '2024-06-28 10:12:26'),
(12, 1, NULL, 'Продажа', 'Кокшетау, Казахстан', 'Кукуруза', 2720451, 65, 'тенге', 'Sit deserunt repellendus aperiam magni.', '2024-06-28 10:12:26', 0, 1, NULL, '2024-06-28 10:12:26', '2024-06-28 10:12:26'),
(13, 1, NULL, 'Продажа', 'Уганда', 'Кукуруза', 62, 897244414, 'тенге', 'Quaerat cum cumque praesentium nulla delectus ducimus.', '2024-06-28 10:12:26', 0, 1, NULL, '2024-06-28 10:12:26', '2024-06-28 10:12:26'),
(14, 1, NULL, 'Продажа', 'Уганда', 'Кукуруза', 77, 9, 'тенге', 'Perspiciatis illum qui rerum voluptates eos explicabo.', '2024-06-28 10:12:26', 0, 1, NULL, '2024-06-28 10:12:26', '2024-06-28 10:12:26'),
(15, 1, NULL, 'Покупка', 'Уганда', 'Кукуруза', 46984521, 706339338, 'тенге', 'Delectus in rerum fugiat a quod ratione.', '2024-06-28 10:12:26', 0, 1, NULL, '2024-06-28 10:12:26', '2024-06-28 10:12:26'),
(16, 1, NULL, 'Покупка', 'Кокшетау, Казахстан', 'Пшеница 2 класс', 7823, 350466, 'тенге', 'Animi itaque beatae officia eaque numquam nostrum.', '2024-06-28 10:12:26', 0, 1, NULL, '2024-06-28 10:12:26', '2024-06-28 10:12:26'),
(17, 1, NULL, 'Продажа', 'Сидней, Австралия', 'Пшеница 2 класс', 33, 941243, 'тенге', 'Corporis asperiores neque dolores placeat iste alias voluptatibus.', '2024-06-28 10:12:26', 0, 1, NULL, '2024-06-28 10:12:26', '2024-06-28 10:12:26'),
(18, 1, NULL, 'Продажа', 'Алматы, Казахстан', 'Кукуруза', 644091, 7273339, 'тенге', 'Aliquid sed dolor reprehenderit.', '2024-06-28 10:12:26', 0, 1, NULL, '2024-06-28 10:12:26', '2024-06-28 10:12:26'),
(19, 1, NULL, 'Продажа', 'Киев, Украина', 'Кукуруза', 49143, 68, 'тенге', 'Corrupti quasi culpa quia deleniti sit error nobis sunt.', '2024-06-28 10:12:26', 0, 1, NULL, '2024-06-28 10:12:26', '2024-06-28 10:12:26'),
(20, 1, NULL, 'Продажа', 'Уганда', 'Пшеница 1 класс', 50047, 9, 'тенге', 'Autem sequi architecto corporis sint expedita reprehenderit.', '2024-06-28 10:12:26', 0, 1, NULL, '2024-06-28 10:12:26', '2024-06-28 10:12:26'),
(21, 1, NULL, 'Покупка', 'Гонконг, Гонконг', 'Пшеница 1 класс', 4014, 473, 'тенге', 'Quisquam omnis nostrum et dicta distinctio suscipit.', '2024-06-28 10:12:26', 0, 1, NULL, '2024-06-28 10:12:26', '2024-06-28 10:12:26'),
(22, 1, NULL, 'Покупка', 'Лондон, Великобритания', 'Пшеница 1 класс', 9327, 24772, 'тенге', 'Sed perspiciatis illo dolor similique totam.', '2024-06-28 10:12:26', 0, 1, NULL, '2024-06-28 10:12:26', '2024-06-28 10:12:26'),
(23, 1, NULL, 'Покупка', 'Гонконг, Гонконг', 'Пшеница 1 класс', 65, 891, 'тенге', 'Illum assumenda nihil minima nam.', '2024-06-28 10:12:26', 0, 1, NULL, '2024-06-28 10:12:26', '2024-06-28 10:12:26'),
(24, 1, NULL, 'Покупка', 'Гонконг, Гонконг', 'Ячмень', 880315551, 61117, 'тенге', 'Cum ratione ut dolorum quasi aut.', '2024-06-28 10:12:26', 0, 1, NULL, '2024-06-28 10:12:26', '2024-06-28 10:12:26'),
(25, 1, NULL, 'Покупка', 'Гонконг, Гонконг', 'Пшеница 3 класс', 64584, 481882, 'тенге', 'Rerum voluptatem culpa quis inventore voluptatibus.', '2024-06-28 10:12:26', 0, 1, NULL, '2024-06-28 10:12:26', '2024-06-28 10:12:26'),
(26, 1, NULL, 'Покупка', 'Сидней, Австралия', 'Пшеница 3 класс', 115507088, 481, 'тенге', 'Voluptatem nostrum sed et dolores.', '2024-06-28 10:12:26', 0, 1, NULL, '2024-06-28 10:12:26', '2024-06-28 10:12:26'),
(27, 1, NULL, 'Покупка', 'Сидней, Австралия', 'Пшеница 2 класс', 16657, 729676, 'тенге', 'Tempore est incidunt dolores ab exercitationem illo corrupti.', '2024-06-28 10:12:26', 0, 1, NULL, '2024-06-28 10:12:26', '2024-06-28 10:12:26'),
(28, 1, NULL, 'Покупка', 'Киев, Украина', 'Пшеница 2 класс', 613, 16525, 'тенге', 'Consequatur enim expedita repellendus illo laboriosam molestiae.', '2024-06-28 10:12:26', 0, 1, NULL, '2024-06-28 10:12:26', '2024-06-28 10:12:26'),
(29, 1, NULL, 'Покупка', 'Лондон, Великобритания', 'Пшеница 3 класс', 42, 16188436, 'тенге', 'Illo ut impedit sint dolorum quia non.', '2024-06-28 10:12:26', 0, 1, NULL, '2024-06-28 10:12:26', '2024-06-28 10:12:26'),
(30, 1, NULL, 'Покупка', 'Сидней, Австралия', 'Пшеница 3 класс', 51, 745, 'тенге', 'Quae qui similique facere exercitationem.', '2024-06-28 10:12:26', 0, 1, NULL, '2024-06-28 10:12:26', '2024-06-28 10:12:26'),
(31, 1, NULL, 'Покупка', 'Уганда', 'Пшеница 3 класс', 99111722, 7038075, 'тенге', 'Est necessitatibus nihil porro maxime sit adipisci.', '2024-06-28 10:12:26', 0, 1, NULL, '2024-06-28 10:12:26', '2024-06-28 10:12:26'),
(32, 1, NULL, 'Покупка', 'Алматы, Казахстан', 'Пшеница 1 класс', 42475757, 75421077, 'тенге', 'Nulla unde doloremque quisquam.', '2024-06-28 10:12:26', 0, 1, NULL, '2024-06-28 10:12:26', '2024-06-28 10:12:26'),
(33, 1, NULL, 'Продажа', 'Гонконг, Гонконг', 'Овес', 3, 268, 'тенге', 'Aspernatur ut consectetur quo vel quo minus.', '2024-06-28 10:12:26', 0, 1, NULL, '2024-06-28 10:12:26', '2024-06-28 10:12:26'),
(34, 1, NULL, 'Покупка', 'Сидней, Австралия', 'Пшеница 1 класс', 7, 4, 'тенге', 'Rem dolor officiis magni totam sit sequi placeat.', '2024-06-28 10:12:26', 0, 1, NULL, '2024-06-28 10:12:26', '2024-06-28 10:12:26'),
(35, 1, NULL, 'Покупка', 'Алматы, Казахстан', 'Пшеница 3 класс', 98533034, 2925, 'тенге', 'Cumque libero esse et animi qui veritatis.', '2024-06-28 10:12:26', 0, 1, NULL, '2024-06-28 10:12:26', '2024-06-28 10:12:26'),
(36, 1, NULL, 'Продажа', 'Уганда', 'Пшеница 2 класс', 1, 9012861, 'тенге', 'Qui et autem consequuntur praesentium sed est.', '2024-06-28 10:12:26', 0, 1, NULL, '2024-06-28 10:12:26', '2024-06-28 10:12:26'),
(37, 1, NULL, 'Покупка', 'Кокшетау, Казахстан', 'Овес', 44919, 8774, 'тенге', 'Sint sequi explicabo fuga consequatur dolore.', '2024-06-28 10:12:26', 0, 1, NULL, '2024-06-28 10:12:26', '2024-06-28 10:12:26'),
(38, 1, NULL, 'Продажа', 'Сидней, Австралия', 'Пшеница 1 класс', 3288075, 218, 'тенге', 'Autem quos dolores minus unde.', '2024-06-28 10:12:26', 0, 1, NULL, '2024-06-28 10:12:26', '2024-06-28 10:12:26'),
(39, 1, NULL, 'Продажа', 'Алматы, Казахстан', 'Пшеница 3 класс', 254063, 6130, 'тенге', 'Doloremque eligendi eum veniam rerum.', '2024-06-28 10:12:26', 0, 1, NULL, '2024-06-28 10:12:26', '2024-06-28 10:12:26'),
(40, 1, NULL, 'Продажа', 'Алматы, Казахстан', 'Пшеница 2 класс', 2, 550, 'тенге', 'Maxime minus amet optio consequatur voluptatem.', '2024-06-28 10:12:26', 0, 1, NULL, '2024-06-28 10:12:26', '2024-06-28 10:12:26'),
(41, 1, NULL, 'Покупка', 'Кокшетау, Казахстан', 'Кукуруза', 17245462, 644363, 'тенге', 'Harum qui nihil earum nihil dolor itaque incidunt nam.', '2024-06-28 10:12:26', 0, 1, NULL, '2024-06-28 10:12:26', '2024-06-28 10:12:26'),
(42, 1, NULL, 'Продажа', 'Уганда', 'Кукуруза', 975168, 6462271, 'тенге', 'Officia qui voluptates suscipit illum cumque.', '2024-06-28 10:12:26', 0, 1, NULL, '2024-06-28 10:12:26', '2024-06-28 10:12:26'),
(43, 1, NULL, 'Покупка', 'Киев, Украина', 'Пшеница 2 класс', 29000, 788, 'тенге', 'Consectetur neque error rerum non fuga aperiam.', '2024-06-28 10:12:26', 0, 1, NULL, '2024-06-28 10:12:26', '2024-06-28 10:12:26'),
(44, 1, NULL, 'Продажа', 'Гонконг, Гонконг', 'Пшеница 3 класс', 29434, 788492164, 'тенге', 'Quisquam ut magnam ut perferendis vel corrupti.', '2024-06-28 10:12:26', 0, 1, NULL, '2024-06-28 10:12:26', '2024-06-28 10:12:26'),
(45, 1, NULL, 'Продажа', 'Киев, Украина', 'Ячмень', 137724, 80, 'тенге', 'Minus voluptatem itaque quo voluptates voluptatem id.', '2024-06-28 10:12:26', 0, 1, NULL, '2024-06-28 10:12:26', '2024-06-28 10:12:26'),
(46, 1, NULL, 'Продажа', 'Гонконг, Гонконг', 'Ячмень', 5444, 61, 'тенге', 'Eos autem ut labore ut et a quibusdam.', '2024-06-28 10:12:26', 0, 1, NULL, '2024-06-28 10:12:26', '2024-06-28 10:12:26'),
(47, 1, NULL, 'Покупка', 'Гонконг, Гонконг', 'Пшеница 3 класс', 58, 35, 'тенге', 'Rem quas eos similique beatae non porro.', '2024-06-28 10:12:26', 0, 1, NULL, '2024-06-28 10:12:26', '2024-06-28 10:12:26'),
(48, 1, NULL, 'Покупка', 'Гонконг, Гонконг', 'Пшеница 3 класс', 60497713, 1162, 'тенге', 'Maiores repudiandae hic quis sit eos vitae quisquam.', '2024-06-28 10:12:26', 0, 1, NULL, '2024-06-28 10:12:26', '2024-06-28 10:12:26'),
(49, 1, NULL, 'Покупка', 'Гонконг, Гонконг', 'Овес', 2540, 149716, 'тенге', 'Quae consequuntur earum quo sed nihil.', '2024-06-28 10:12:26', 0, 1, NULL, '2024-06-28 10:12:26', '2024-06-28 10:12:26'),
(50, 1, NULL, 'Продажа', 'Лондон, Великобритания', 'Пшеница 3 класс', 64488, 34, 'тенге', 'Omnis dolorem culpa optio reprehenderit facere.', '2024-06-28 10:12:26', 0, 1, NULL, '2024-06-28 10:12:26', '2024-06-28 10:12:26'),
(51, 1, NULL, 'Покупка', 'Кокшетау, Казахстан', 'Пшеница 2 класс', 5571941, 921, 'тенге', 'Voluptatem tempore sequi fuga voluptatum et iure eum rerum.', '2024-06-28 10:12:26', 0, 1, NULL, '2024-06-28 10:12:26', '2024-06-28 10:12:26'),
(52, 1, NULL, 'Продажа', 'Алматы, Казахстан', 'Ячмень', 305, 2, 'тенге', 'Eum voluptates dolor ut quia amet.', '2024-06-28 10:12:26', 0, 1, NULL, '2024-06-28 10:12:26', '2024-06-28 10:12:26'),
(53, 1, NULL, 'Покупка', 'Уганда', 'Пшеница 3 класс', 40954320, 152, 'тенге', 'Inventore natus eveniet occaecati non et.', '2024-06-28 10:12:26', 0, 1, NULL, '2024-06-28 10:12:26', '2024-06-28 10:12:26'),
(54, 1, NULL, 'Продажа', 'Киев, Украина', 'Овес', 439, 29, 'тенге', 'Rerum illo ut labore.', '2024-06-28 10:12:26', 0, 1, NULL, '2024-06-28 10:12:26', '2024-06-28 10:12:26'),
(55, 1, NULL, 'Продажа', 'Сидней, Австралия', 'Пшеница 1 класс', 57, 6, 'тенге', 'Nisi et ut sunt magni nostrum dolores doloribus.', '2024-06-28 10:12:26', 0, 1, NULL, '2024-06-28 10:12:26', '2024-06-28 10:12:26'),
(56, 1, NULL, 'Продажа', 'Алматы, Казахстан', 'Ячмень', 442905138, 96026625, 'тенге', 'Accusantium rerum ipsa magnam qui.', '2024-06-28 10:12:26', 0, 1, NULL, '2024-06-28 10:12:26', '2024-06-28 10:12:26'),
(57, 1, NULL, 'Покупка', 'Лондон, Великобритания', 'Пшеница 1 класс', 615309813, 176, 'тенге', 'Magnam id quos aliquid quas ipsam numquam dicta.', '2024-06-28 10:12:26', 0, 1, NULL, '2024-06-28 10:12:26', '2024-06-28 10:12:26'),
(58, 1, NULL, 'Продажа', 'Уганда', 'Пшеница 2 класс', 774, 43778, 'тенге', 'Et quia ipsam aperiam rerum quia eum voluptates.', '2024-06-28 10:12:26', 0, 1, NULL, '2024-06-28 10:12:26', '2024-06-28 10:12:26'),
(59, 1, NULL, 'Продажа', 'Кокшетау, Казахстан', 'Ячмень', 332805, 4, 'тенге', 'Enim aut repellendus incidunt sed distinctio.', '2024-06-28 10:12:26', 0, 1, NULL, '2024-06-28 10:12:26', '2024-06-28 10:12:26'),
(60, 1, NULL, 'Покупка', 'Сидней, Австралия', 'Пшеница 1 класс', 4, 20820, 'тенге', 'Voluptate modi voluptatibus delectus exercitationem quis totam perferendis.', '2024-06-28 10:12:26', 0, 1, NULL, '2024-06-28 10:12:26', '2024-06-28 10:12:26'),
(61, 1, NULL, 'Покупка', 'Сидней, Австралия', 'Кукуруза', 6970356, 873, 'тенге', 'Expedita expedita dolorem omnis sunt ab.', '2024-06-28 10:12:26', 0, 1, NULL, '2024-06-28 10:12:26', '2024-06-28 10:12:26'),
(62, 1, NULL, 'Покупка', 'Кокшетау, Казахстан', 'Пшеница 1 класс', 92, 425, 'тенге', 'Aut quia vel quod.', '2024-06-28 10:12:26', 0, 1, NULL, '2024-06-28 10:12:26', '2024-06-28 10:12:26'),
(63, 1, NULL, 'Продажа', 'Уганда', 'Пшеница 1 класс', 24225561, 0, 'тенге', 'Illo rerum consequatur consequuntur dicta quis voluptatem earum.', '2024-06-28 10:12:26', 0, 1, NULL, '2024-06-28 10:12:26', '2024-06-28 10:12:26'),
(64, 1, NULL, 'Продажа', 'Сидней, Австралия', 'Овес', 887, 2, 'тенге', 'Eum eum sunt rem assumenda quisquam.', '2024-06-28 10:12:26', 0, 1, NULL, '2024-06-28 10:12:26', '2024-06-28 10:12:26'),
(65, 1, NULL, 'Покупка', 'Лондон, Великобритания', 'Ячмень', 540661, 691922493, 'тенге', 'Ipsam ea distinctio est occaecati fugit sed laboriosam.', '2024-06-28 10:12:26', 0, 1, NULL, '2024-06-28 10:12:26', '2024-06-28 10:12:26'),
(66, 1, NULL, 'Продажа', 'Гонконг, Гонконг', 'Пшеница 3 класс', 5163, 7045579, 'тенге', 'Architecto sunt sed quam beatae placeat in fugiat aut.', '2024-06-28 10:12:26', 0, 1, NULL, '2024-06-28 10:12:26', '2024-06-28 10:12:26'),
(67, 1, NULL, 'Продажа', 'Алматы, Казахстан', 'Пшеница 1 класс', 7898608, 908, 'тенге', 'Ipsum adipisci deserunt ipsam tenetur beatae non accusantium.', '2024-06-28 10:12:26', 0, 1, NULL, '2024-06-28 10:12:26', '2024-06-28 10:12:26'),
(68, 1, NULL, 'Продажа', 'Гонконг, Гонконг', 'Пшеница 2 класс', 2539046, 7, 'тенге', 'Minima nihil maxime cum in.', '2024-06-28 10:12:26', 0, 1, NULL, '2024-06-28 10:12:26', '2024-06-28 10:12:26'),
(69, 1, NULL, 'Покупка', 'Сидней, Австралия', 'Кукуруза', 390, 92600778, 'тенге', 'Reiciendis consequatur maiores doloremque et ut et.', '2024-06-28 10:12:26', 0, 1, NULL, '2024-06-28 10:12:26', '2024-06-28 10:12:26'),
(70, 1, NULL, 'Покупка', 'Уганда', 'Овес', 442, 60, 'тенге', 'Necessitatibus fuga minus qui voluptatem.', '2024-06-28 10:12:26', 0, 1, NULL, '2024-06-28 10:12:26', '2024-06-28 10:12:26'),
(71, 1, NULL, 'Продажа', 'Сидней, Австралия', 'Пшеница 3 класс', 10749006, 453016375, 'тенге', 'Adipisci placeat ullam id quae illo est velit rem.', '2024-06-28 10:12:26', 0, 1, NULL, '2024-06-28 10:12:26', '2024-06-28 10:12:26'),
(72, 1, NULL, 'Покупка', 'Киев, Украина', 'Пшеница 2 класс', 7460966, 7596030, 'тенге', 'Perferendis sit ab aut.', '2024-06-28 10:12:26', 0, 1, NULL, '2024-06-28 10:12:26', '2024-06-28 10:12:26'),
(73, 1, NULL, 'Покупка', 'Кокшетау, Казахстан', 'Кукуруза', 0, 345032, 'тенге', 'Architecto facilis maiores illum quae.', '2024-06-28 10:12:26', 0, 1, NULL, '2024-06-28 10:12:26', '2024-06-28 10:12:26'),
(74, 1, NULL, 'Продажа', 'Кокшетау, Казахстан', 'Ячмень', 146786583, 57, 'тенге', 'Reiciendis eius deleniti enim perferendis praesentium.', '2024-06-28 10:12:26', 0, 1, NULL, '2024-06-28 10:12:26', '2024-06-28 10:12:26'),
(75, 1, NULL, 'Продажа', 'Алматы, Казахстан', 'Пшеница 1 класс', 9634, 49736, 'тенге', 'Omnis unde voluptatum sint aliquam officiis.', '2024-06-28 10:12:26', 0, 1, NULL, '2024-06-28 10:12:26', '2024-06-28 10:12:26'),
(76, 1, NULL, 'Продажа', 'Кокшетау, Казахстан', 'Пшеница 3 класс', 3009, 216, 'тенге', 'Enim voluptas hic voluptatum provident.', '2024-06-28 10:12:26', 0, 1, NULL, '2024-06-28 10:12:26', '2024-06-28 10:12:26'),
(77, 1, NULL, 'Продажа', 'Лондон, Великобритания', 'Пшеница 3 класс', 44, 1849, 'тенге', 'Quis sed labore laborum quae tempora dolorum tenetur ea.', '2024-06-28 10:12:26', 0, 1, NULL, '2024-06-28 10:12:26', '2024-06-28 10:12:26'),
(78, 1, NULL, 'Покупка', 'Гонконг, Гонконг', 'Кукуруза', 2034, 15359000, 'тенге', 'Blanditiis rem et ut esse aut.', '2024-06-28 10:12:26', 0, 1, NULL, '2024-06-28 10:12:26', '2024-06-28 10:12:26'),
(79, 1, NULL, 'Продажа', 'Лондон, Великобритания', 'Кукуруза', 2116, 0, 'тенге', 'Ut odit perspiciatis ex nostrum commodi voluptas.', '2024-06-28 10:12:26', 0, 1, NULL, '2024-06-28 10:12:26', '2024-06-28 10:12:26'),
(80, 1, NULL, 'Продажа', 'Киев, Украина', 'Пшеница 3 класс', 7460801, 20915136, 'тенге', 'Dolor iusto aliquid ratione.', '2024-06-28 10:12:26', 0, 1, NULL, '2024-06-28 10:12:26', '2024-06-28 10:12:26'),
(81, 1, NULL, 'Покупка', 'Гонконг, Гонконг', 'Кукуруза', 103, 212, 'тенге', 'Quibusdam nostrum officia minima qui placeat.', '2024-06-28 10:12:26', 0, 1, NULL, '2024-06-28 10:12:26', '2024-06-28 10:12:26'),
(82, 1, NULL, 'Продажа', 'Кокшетау, Казахстан', 'Кукуруза', 742845028, 67886, 'тенге', 'Voluptas aut mollitia inventore.', '2024-06-28 10:12:26', 0, 1, NULL, '2024-06-28 10:12:26', '2024-06-28 10:12:26'),
(83, 1, NULL, 'Покупка', 'Алматы, Казахстан', 'Овес', 1464, 135293, 'тенге', 'Voluptas soluta voluptatum neque voluptas.', '2024-06-28 10:12:26', 0, 1, NULL, '2024-06-28 10:12:26', '2024-06-28 10:12:26'),
(84, 1, NULL, 'Покупка', 'Киев, Украина', 'Кукуруза', 75593, 713367461, 'тенге', 'Odio vel quo aspernatur aliquam veniam officiis a.', '2024-06-28 10:12:26', 0, 1, NULL, '2024-06-28 10:12:26', '2024-06-28 10:12:26'),
(85, 1, NULL, 'Продажа', 'Сидней, Австралия', 'Пшеница 3 класс', 76448, 8564, 'тенге', 'Similique recusandae ipsam dolorem tempore voluptatem illum et.', '2024-06-28 10:12:26', 0, 1, NULL, '2024-06-28 10:12:26', '2024-06-28 10:12:26'),
(86, 1, NULL, 'Продажа', 'Сидней, Австралия', 'Кукуруза', 909817, 944, 'тенге', 'Ea explicabo iure voluptatibus in dolore nostrum ea sit.', '2024-06-28 10:12:26', 0, 1, NULL, '2024-06-28 10:12:26', '2024-06-28 10:12:26'),
(87, 1, NULL, 'Продажа', 'Лондон, Великобритания', 'Пшеница 3 класс', 598, 9248, 'тенге', 'Cupiditate ipsa et est eum qui sed.', '2024-06-28 10:12:26', 0, 1, NULL, '2024-06-28 10:12:26', '2024-06-28 10:12:26'),
(88, 1, NULL, 'Покупка', 'Кокшетау, Казахстан', 'Ячмень', 415105, 501251260, 'тенге', 'Voluptatem dolores ullam at minus ullam incidunt et.', '2024-06-28 10:12:26', 0, 1, NULL, '2024-06-28 10:12:26', '2024-06-28 10:12:26'),
(89, 1, NULL, 'Покупка', 'Киев, Украина', 'Овес', 8, 4451, 'тенге', 'Qui minima deserunt quaerat dolores quae dignissimos quis.', '2024-06-28 10:12:26', 0, 1, NULL, '2024-06-28 10:12:26', '2024-06-28 10:12:26'),
(90, 1, NULL, 'Продажа', 'Гонконг, Гонконг', 'Кукуруза', 8873, 25699532, 'тенге', 'Et et praesentium cumque quia.', '2024-06-28 10:12:26', 0, 1, NULL, '2024-06-28 10:12:26', '2024-06-28 10:12:26'),
(91, 1, NULL, 'Покупка', 'Сидней, Австралия', 'Пшеница 2 класс', 46892, 146, 'тенге', 'Similique dolores sit aliquam dignissimos.', '2024-06-28 10:12:26', 0, 1, NULL, '2024-06-28 10:12:26', '2024-06-28 10:12:26'),
(92, 1, NULL, 'Покупка', 'Гонконг, Гонконг', 'Пшеница 1 класс', 1716435, 202235, 'тенге', 'Maxime ipsum vel qui qui aperiam velit sint.', '2024-06-28 10:12:26', 0, 1, NULL, '2024-06-28 10:12:26', '2024-06-28 10:12:26'),
(93, 1, NULL, 'Продажа', 'Киев, Украина', 'Пшеница 3 класс', 237, 34167598, 'тенге', 'Beatae quod minima quos voluptatem.', '2024-06-28 10:12:26', 0, 1, NULL, '2024-06-28 10:12:26', '2024-06-28 10:12:26'),
(94, 1, NULL, 'Покупка', 'Киев, Украина', 'Пшеница 1 класс', 7175, 4, 'тенге', 'Iure quas inventore facere quas corrupti.', '2024-06-28 10:12:26', 0, 1, NULL, '2024-06-28 10:12:26', '2024-06-28 10:12:26'),
(95, 1, NULL, 'Покупка', 'Лондон, Великобритания', 'Овес', 62, 24538621, 'тенге', 'Ipsa reprehenderit reiciendis architecto odit officiis quasi est animi.', '2024-06-28 10:12:26', 0, 1, NULL, '2024-06-28 10:12:26', '2024-06-28 10:12:26'),
(96, 1, NULL, 'Покупка', 'Алматы, Казахстан', 'Пшеница 1 класс', 67945395, 40, 'тенге', 'Sapiente veniam sit possimus earum assumenda eligendi nobis qui.', '2024-06-28 10:12:26', 0, 1, NULL, '2024-06-28 10:12:26', '2024-06-28 10:12:26'),
(97, 1, NULL, 'Продажа', 'Гонконг, Гонконг', 'Пшеница 3 класс', 2136186, 2392, 'тенге', 'Atque deserunt aliquam soluta nam.', '2024-06-28 10:12:26', 0, 1, NULL, '2024-06-28 10:12:26', '2024-06-28 10:12:26'),
(98, 1, NULL, 'Продажа', 'Гонконг, Гонконг', 'Пшеница 3 класс', 15, 251, 'тенге', 'Aut veritatis explicabo alias modi in cumque ut.', '2024-06-28 10:12:26', 0, 1, NULL, '2024-06-28 10:12:26', '2024-06-28 10:12:26'),
(99, 1, NULL, 'Продажа', 'Алматы, Казахстан', 'Овес', 3357881, 9, 'тенге', 'Dolorem quo dolore et esse ad.', '2024-06-28 10:12:26', 0, 1, NULL, '2024-06-28 10:12:26', '2024-06-28 10:12:26'),
(100, 1, NULL, 'Покупка', 'Гонконг, Гонконг', 'Овес', 5, 9, 'тенге', 'Dicta quia aut rem nisi consequuntur incidunt sapiente accusantium.', '2024-06-28 10:12:26', 0, 1, NULL, '2024-06-28 10:12:26', '2024-06-28 10:12:26'),
(103, 11, NULL, 'Продажа', 'Алматы, Казахстан', 'Пшеница 2 класс', 123, 12, 'тенге', 'Надо добавить комментарий в расширенных настройках при создании', '2024-07-03 15:40:04', 0, 1, NULL, '2024-07-03 15:40:04', '2024-07-03 15:40:04'),
(104, 11, NULL, 'Продажа', 'Алматы, Казахстан', 'Пшеница 2 класс', 12, 123, 'тенге', 'Надо добавить комментарий в расширенных настройках при создании', '2024-07-03 16:18:42', 0, 1, NULL, '2024-07-03 16:18:42', '2024-07-03 16:43:15'),
(106, 11, NULL, 'Продажа', 'Алматы, Казахстан', 'Пшеница 1 класс', 123, 123, 'тенге', 'Надо добавить комментарий в расширенных настройках при создании', '2024-07-09 18:52:24', 0, 1, NULL, '2024-07-09 18:52:24', '2024-07-09 18:52:24'),
(107, 11, NULL, 'Продажа', 'Алматы, Казахстан', 'Пшеница 1 класс', 123, 123, 'тенге', 'Надо добавить комментарий в расширенных настройках при создании', '2024-07-09 18:52:48', 0, 1, NULL, '2024-07-09 18:52:48', '2024-07-09 18:52:48'),
(108, 11, NULL, 'Продажа', 'Алматы, Казахстан', 'Пшеница 2 класс', 123, 123, 'тенге', 'Надо добавить комментарий в расширенных настройках при создании', '2024-07-09 18:53:02', 0, 1, NULL, '2024-07-09 18:53:02', '2024-07-09 18:53:02'),
(109, 11, NULL, 'Продажа', 'Алматы, Казахстан', 'Пшеница 2 класс', 123, 123, 'тенге', 'Надо добавить комментарий в расширенных настройках при создании', '2024-07-09 18:53:31', 0, 1, NULL, '2024-07-09 18:53:31', '2024-07-09 18:53:31'),
(110, 11, NULL, 'Продажа', 'Алматы, Казахстан', 'Пшеница 1 класс', 123, 123, 'тенге', 'Надо добавить комментарий в расширенных настройках при создании', '2024-07-09 19:01:59', 0, 1, NULL, '2024-07-09 19:01:59', '2024-07-09 19:01:59'),
(111, 11, NULL, 'Продажа', 'Гонконг, Гонконг', 'Пшеница 1 класс', 123, 123, 'рубль', 'Надо добавить комментарий в расширенных настройках при создании', '2024-07-09 19:02:31', 0, 1, NULL, '2024-07-09 19:02:31', '2024-07-09 19:02:31'),
(112, 11, NULL, 'Продажа', 'Алматы, Казахстан', 'Пшеница 1 класс', 123, 123, 'тенге', 'Надо добавить комментарий в расширенных настройках при создании', '2024-07-09 19:14:12', 0, 1, NULL, '2024-07-09 19:14:12', '2024-07-09 19:14:12'),
(113, 11, NULL, 'Покупка', 'Гонконг, Гонконг', 'Пшеница 1 класс', 123, 123, 'тенге', 'Надо добавить комментарий в расширенных настройках при создании', '2024-07-10 13:01:26', 0, 1, NULL, '2024-07-10 13:01:26', '2024-07-10 13:01:26'),
(114, 11, NULL, 'Покупка', 'Алматы, Казахстан', 'Пшеница 1 класс', 123, 123, 'тенге', 'Надо добавить комментарий в расширенных настройках при создании', '2024-07-10 13:18:11', 0, 1, NULL, '2024-07-10 13:18:11', '2024-07-10 13:18:11'),
(115, 11, NULL, 'Покупка', 'Алматы, Казахстан', 'Пшеница 2 класс', 12, 111, 'рубль', 'Надо добавить комментарий в расширенных настройках при создании', '2024-07-10 13:21:43', 0, 1, NULL, '2024-07-10 13:21:43', '2024-07-10 13:21:43'),
(116, 11, NULL, 'Покупка', 'Алматы, Казахстан', 'Пшеница 2 класс', 12, 111, 'рубль', 'Надо добавить комментарий в расширенных настройках при создании', '2024-07-10 13:22:02', 0, 1, NULL, '2024-07-10 13:22:02', '2024-07-10 13:22:02'),
(117, 11, NULL, 'Покупка', 'Алматы, Казахстан', 'Пшеница 2 класс', 12, 111, 'рубль', 'Надо добавить комментарий в расширенных настройках при создании', '2024-07-10 13:24:31', 0, 1, NULL, '2024-07-10 13:24:31', '2024-07-10 13:24:31'),
(118, 11, NULL, 'Покупка', 'Гонконг, Гонконг', 'Ячмень', 123, 123, 'тенге', 'Надо добавить комментарий в расширенных настройках при создании', '2024-07-10 13:47:15', 0, 1, NULL, '2024-07-10 13:47:15', '2024-07-10 13:47:15'),
(119, 11, NULL, 'Покупка', 'Гонконг, Гонконг', 'Ячмень', 123, 111, 'тенге', 'Надо добавить комментарий в расширенных настройках при создании', '2024-07-10 13:48:32', 0, 1, NULL, '2024-07-10 13:48:32', '2024-07-10 13:48:32'),
(120, 11, NULL, 'Продажа', 'Гонконг, Гонконг', 'Пшеница 2 класс', 12, 111, 'рубль', 'Надо добавить комментарий в расширенных настройках при создании', '2024-07-10 13:54:54', 0, 1, NULL, '2024-07-10 13:54:54', '2024-07-10 13:54:54'),
(121, 11, NULL, 'Продажа', 'Алматы, Казахстан', 'Пшеница 3 класс', 12, 111, 'рубль', 'Надо добавить комментарий в расширенных настройках при создании', '2024-07-10 15:10:15', 0, 1, NULL, '2024-07-10 15:10:15', '2024-07-10 15:10:15'),
(122, 11, NULL, 'Продажа', 'Гонконг, Гонконг', 'Пшеница 2 класс', 123, 111, 'RUB', 'Надо добавить комментарий в расширенных настройках при создании', '2024-07-11 20:33:16', 0, 1, NULL, '2024-07-11 20:33:16', '2024-07-11 20:33:16'),
(123, 11, NULL, 'Продажа', 'Гонконг, Гонконг', 'Пшеница 2 класс', 100, 1000, 'USD', 'Надо добавить комментарий в расширенных настройках при создании', '2024-07-11 20:56:39', 0, 1, NULL, '2024-07-11 20:56:39', '2024-07-11 20:56:39'),
(124, 11, NULL, 'Продажа', 'Гонконг, Гонконг', 'Соя', 1000, 100000, 'KZT', 'Надо добавить комментарий в расширенных настройках при создании', '2024-07-11 20:57:13', 0, 1, NULL, '2024-07-11 20:57:13', '2024-07-13 12:46:31'),
(125, 1, NULL, 'Покупка', 'Киев, Украина', 'Пшеница 3 класс', 120, 10001, 'USD', 'Надо добавить комментарий в расширенных настройках при создании', '2024-07-18 15:59:42', 0, 1, NULL, '2024-07-18 15:59:42', '2024-07-18 16:10:09'),
(126, 11, NULL, 'Покупка', 'Гонконг, Гонконг', 'Пшеница 3 класс', 123, 123, 'RUB', 'Надо добавить комментарий в расширенных настройках при создании', '2024-11-13 16:15:08', 0, 0, NULL, '2024-11-13 16:15:08', '2024-11-13 16:18:54');

-- --------------------------------------------------------

--
-- Table structure for table `media`
--

CREATE TABLE `media` (
  `id` bigint(20) UNSIGNED NOT NULL,
  `model_type` varchar(255) NOT NULL,
  `model_id` bigint(20) UNSIGNED NOT NULL,
  `uuid` char(36) DEFAULT NULL,
  `collection_name` varchar(255) NOT NULL,
  `name` varchar(255) NOT NULL,
  `file_name` varchar(255) NOT NULL,
  `mime_type` varchar(255) DEFAULT NULL,
  `disk` varchar(255) NOT NULL,
  `conversions_disk` varchar(255) DEFAULT NULL,
  `size` bigint(20) UNSIGNED NOT NULL,
  `manipulations` longtext CHARACTER SET utf8mb4 COLLATE utf8mb4_bin NOT NULL CHECK (json_valid(`manipulations`)),
  `custom_properties` longtext CHARACTER SET utf8mb4 COLLATE utf8mb4_bin NOT NULL CHECK (json_valid(`custom_properties`)),
  `generated_conversions` longtext CHARACTER SET utf8mb4 COLLATE utf8mb4_bin NOT NULL CHECK (json_valid(`generated_conversions`)),
  `responsive_images` longtext CHARACTER SET utf8mb4 COLLATE utf8mb4_bin NOT NULL CHECK (json_valid(`responsive_images`)),
  `order_column` int(10) UNSIGNED DEFAULT NULL,
  `created_at` timestamp NULL DEFAULT NULL,
  `updated_at` timestamp NULL DEFAULT NULL
) ENGINE=InnoDB DEFAULT CHARSET=utf8mb4 COLLATE=utf8mb4_unicode_ci;

-- --------------------------------------------------------

--
-- Table structure for table `messages`
--

CREATE TABLE `messages` (
  `id` bigint(20) UNSIGNED NOT NULL,
  `from_id` bigint(20) UNSIGNED NOT NULL,
  `to_id` bigint(20) UNSIGNED NOT NULL,
  `body` text NOT NULL,
  `created_at` timestamp NULL DEFAULT NULL,
  `updated_at` timestamp NULL DEFAULT NULL,
  `is_read` tinyint(1) NOT NULL DEFAULT 0
) ENGINE=InnoDB DEFAULT CHARSET=utf8mb4 COLLATE=utf8mb4_unicode_ci;

--
-- Dumping data for table `messages`
--

INSERT INTO `messages` (`id`, `from_id`, `to_id`, `body`, `created_at`, `updated_at`, `is_read`) VALUES
(84, 1, 3, 'Привет!', '2024-07-14 16:25:21', '2024-07-14 16:27:00', 1),
(85, 3, 1, 'Как длела?', '2024-07-14 16:25:29', '2024-07-14 16:27:02', 1),
(86, 1, 3, 'Все отлично!', '2024-07-14 16:27:12', '2024-07-14 16:31:36', 1),
(87, 3, 1, 'и у меня', '2024-07-14 16:34:49', '2024-07-14 16:35:12', 1),
(88, 3, 1, 'привет', '2024-07-14 16:50:35', '2024-07-14 16:52:12', 1),
(89, 1, 3, 'и тебе привет', '2024-07-14 16:50:43', '2024-07-14 16:52:15', 1),
(90, 3, 1, 'как дела?', '2024-07-14 16:52:23', '2024-07-14 16:53:02', 1),
(91, 1, 3, 'привет', '2024-07-14 16:53:07', '2024-07-14 16:54:17', 1),
(92, 3, 1, 'и тебе', '2024-07-14 16:53:12', '2024-07-14 16:54:16', 1),
(93, 1, 3, 'привет', '2024-07-14 16:54:22', '2024-07-14 16:55:37', 1),
(94, 3, 1, 'прив', '2024-07-14 16:54:31', '2024-07-14 16:55:37', 1),
(95, 1, 3, 'прив', '2024-07-14 16:55:47', '2024-07-14 16:56:17', 1),
(96, 3, 1, 'ghbd', '2024-07-14 16:56:20', '2024-07-14 16:59:12', 1),
(97, 1, 3, 'gb', '2024-07-14 16:56:24', '2024-07-14 16:59:13', 1),
(98, 3, 1, 'прив', '2024-07-14 16:59:19', '2024-07-14 17:00:30', 1),
(99, 1, 3, 'НИХУЯ ТЫ НЕ ОБНОВИЛ', '2024-07-14 16:59:33', '2024-07-14 16:59:45', 1),
(100, 3, 1, 'F{DFDSFDSLFKSD:LFDKSFSDLF:KDSF:LKDS', '2024-07-14 16:59:52', '2024-07-14 17:00:30', 1),
(101, 3, 1, 'реально', '2024-07-14 17:00:02', '2024-07-14 17:00:30', 1),
(102, 1, 3, 'да', '2024-07-14 17:00:32', '2024-07-14 17:02:04', 1),
(103, 1, 3, 'lf&', '2024-07-14 17:02:08', '2024-07-14 17:04:34', 1),
(104, 3, 1, 'прив', '2024-07-14 17:04:37', '2024-07-14 17:06:13', 1),
(105, 1, 3, 'прив', '2024-07-14 17:04:41', '2024-07-14 17:06:15', 1),
(106, 3, 1, 'прива', '2024-07-14 17:06:17', '2024-07-14 17:09:53', 1),
(107, 1, 3, 'хай', '2024-07-14 17:06:24', '2024-07-14 17:09:54', 1),
(108, 3, 1, 'привет', '2024-07-14 17:10:18', '2024-07-14 17:10:37', 1),
(109, 3, 1, 'привет', '2024-07-14 17:10:43', '2024-07-14 17:13:47', 1),
(110, 3, 1, 'и тебе', '2024-07-14 17:10:51', '2024-07-14 17:13:47', 1),
(111, 1, 3, 'что скажешь, работает?', '2024-07-14 17:11:25', '2024-07-14 17:11:37', 1),
(112, 1, 3, 'не знаю', '2024-07-14 17:11:42', '2024-07-14 17:14:38', 1),
(113, 1, 3, 'а у тебя?', '2024-07-14 17:11:56', '2024-07-14 17:14:38', 1),
(114, 1, 3, 'прив', '2024-07-14 17:12:12', '2024-07-14 17:14:38', 1),
(115, 1, 3, 'как', '2024-07-14 17:12:44', '2024-07-14 17:14:38', 1),
(116, 1, 3, 'так', '2024-07-14 17:12:47', '2024-07-14 17:14:38', 1),
(117, 1, 3, 'не работате нихуя', '2024-07-14 17:12:54', '2024-07-14 17:14:38', 1),
(118, 1, 3, 'прив', '2024-07-14 17:13:54', '2024-07-14 17:14:38', 1),
(119, 1, 3, 'раб?', '2024-07-14 17:14:22', '2024-07-14 17:14:38', 1),
(120, 1, 3, 'да', '2024-07-14 17:14:25', '2024-07-14 17:14:38', 1),
(121, 3, 1, 'а у тебя?', '2024-07-14 17:14:44', '2024-07-14 17:14:58', 1),
(122, 3, 1, 'вроде', '2024-07-14 17:14:54', '2024-07-14 17:14:58', 1),
(123, 3, 1, 'прив', '2024-07-14 17:16:39', '2024-07-14 17:17:29', 1),
(124, 1, 3, 'тебе', '2024-07-14 17:16:48', '2024-07-14 17:17:13', 1),
(125, 3, 1, 'как дела?', '2024-07-14 17:16:56', '2024-07-14 17:17:29', 1),
(126, 3, 1, 'прив', '2024-07-14 17:17:15', '2024-07-14 17:17:29', 1),
(127, 3, 1, 'норм', '2024-07-14 17:17:22', '2024-07-14 17:17:29', 1),
(128, 1, 3, 'прив', '2024-07-14 17:18:09', '2024-07-14 17:18:21', 1),
(129, 1, 3, 'норм', '2024-07-14 17:18:16', '2024-07-14 17:18:21', 1),
(130, 1, 3, 'все гучи', '2024-07-14 17:18:35', '2024-07-14 17:18:41', 1),
(131, 3, 1, 'прив', '2024-07-14 17:19:28', '2024-07-14 17:19:34', 1),
(132, 3, 1, 'прив', '2024-07-14 17:19:42', '2024-07-14 17:19:57', 1),
(133, 1, 3, 'пив', '2024-07-14 17:20:46', '2024-07-14 17:21:03', 1),
(134, 1, 3, 'пф', '2024-07-14 17:20:51', '2024-07-14 17:21:03', 1),
(135, 3, 1, 'вы', '2024-07-14 17:21:00', '2024-07-14 17:21:03', 1),
(136, 3, 1, 'люди?', '2024-07-14 17:21:13', '2024-07-14 17:31:17', 1),
(137, 3, 1, 'тут?', '2024-07-14 17:21:27', '2024-07-14 17:31:17', 1),
(138, 1, 3, 'да люди', '2024-07-14 17:21:32', '2024-07-14 17:21:51', 1),
(139, 3, 1, 'хай', '2024-07-14 17:22:01', '2024-07-14 17:31:17', 1),
(140, 3, 1, 'ну', '2024-07-14 17:23:32', '2024-07-14 17:31:17', 1),
(141, 3, 1, 'ну', '2024-07-14 17:24:07', '2024-07-14 17:31:17', 1),
(142, 3, 1, 'а', '2024-07-14 17:25:25', '2024-07-14 17:31:17', 1),
(143, 3, 1, 'ну', '2024-07-14 17:27:17', '2024-07-14 17:31:17', 1),
(144, 3, 1, 'а', '2024-07-14 17:28:29', '2024-07-14 17:31:17', 1),
(145, 3, 1, 'нуууууу', '2024-07-14 17:28:44', '2024-07-14 17:31:17', 1),
(146, 3, 1, 'ДАВАЙ ЖЕ', '2024-07-14 17:28:50', '2024-07-14 17:31:17', 1),
(147, 3, 1, 'ну', '2024-07-14 17:30:06', '2024-07-14 17:31:17', 1),
(148, 3, 1, 'а', '2024-07-14 17:30:12', '2024-07-14 17:31:17', 1),
(149, 3, 1, 'ВООБЩ)Е ПРЕСТАЛ', '2024-07-14 17:30:17', '2024-07-14 17:31:17', 1),
(150, 3, 1, 'xtr', '2024-07-14 17:30:32', '2024-07-14 17:31:17', 1),
(151, 3, 1, 'sad', '2024-07-14 17:31:11', '2024-07-14 17:31:17', 1),
(152, 3, 1, 'asd', '2024-07-14 17:31:22', '2024-07-14 17:42:04', 1),
(153, 3, 1, 'asd', '2024-07-14 17:31:36', '2024-07-14 17:42:04', 1),
(154, 3, 1, 'xt', '2024-07-14 17:32:22', '2024-07-14 17:42:04', 1),
(155, 3, 1, 'b x', '2024-07-14 17:33:13', '2024-07-14 17:42:04', 1),
(156, 3, 1, 'da', '2024-07-14 17:33:16', '2024-07-14 17:42:04', 1),
(157, 3, 1, 'ye', '2024-07-14 17:34:37', '2024-07-14 17:42:04', 1),
(158, 3, 1, 'f', '2024-07-14 17:35:19', '2024-07-14 17:42:04', 1),
(159, 3, 1, 'rrr', '2024-07-14 17:35:41', '2024-07-14 17:42:04', 1),
(160, 3, 1, 'fs', '2024-07-14 17:36:21', '2024-07-14 17:42:04', 1),
(161, 3, 1, 'asd', '2024-07-14 17:36:26', '2024-07-14 17:42:04', 1),
(162, 3, 1, 'sad', '2024-07-14 17:36:35', '2024-07-14 17:42:04', 1),
(163, 3, 1, 'sad', '2024-07-14 17:36:41', '2024-07-14 17:42:04', 1),
(164, 3, 1, 'ye', '2024-07-14 17:37:51', '2024-07-14 17:42:04', 1),
(165, 3, 1, 'asd', '2024-07-14 17:37:56', '2024-07-14 17:42:04', 1),
(166, 3, 1, 'asd', '2024-07-14 17:38:03', '2024-07-14 17:42:04', 1),
(167, 3, 1, 'asd', '2024-07-14 17:38:33', '2024-07-14 17:42:04', 1),
(168, 3, 1, 'sda', '2024-07-14 17:40:02', '2024-07-14 17:42:04', 1),
(169, 3, 1, 'asd', '2024-07-14 17:40:25', '2024-07-14 17:42:04', 1),
(170, 3, 1, 'asd', '2024-07-14 17:40:31', '2024-07-14 17:42:04', 1),
(171, 3, 1, 'asd', '2024-07-14 17:40:34', '2024-07-14 17:42:04', 1),
(172, 3, 1, 'asd', '2024-07-14 17:40:55', '2024-07-14 17:42:04', 1),
(173, 3, 1, 'd', '2024-07-14 17:40:58', '2024-07-14 17:42:04', 1),
(174, 3, 1, 'asd', '2024-07-14 17:41:40', '2024-07-14 17:42:04', 1),
(175, 3, 1, 'asd', '2024-07-14 17:41:46', '2024-07-14 17:42:04', 1),
(176, 3, 1, 'asd', '2024-07-14 17:41:53', '2024-07-14 17:42:04', 1),
(177, 3, 1, 'dsa', '2024-07-14 17:41:58', '2024-07-14 17:42:04', 1),
(178, 3, 1, 'asd', '2024-07-14 17:42:55', '2024-07-14 17:50:04', 1),
(179, 3, 1, 'asd', '2024-07-14 17:43:02', '2024-07-14 17:50:04', 1),
(180, 3, 1, 'asd', '2024-07-14 17:43:37', '2024-07-14 17:50:04', 1),
(181, 3, 1, 'asd', '2024-07-14 17:46:32', '2024-07-14 17:50:04', 1),
(182, 3, 1, 'asd', '2024-07-14 17:46:38', '2024-07-14 17:50:04', 1),
(183, 3, 1, 'asd', '2024-07-14 17:46:43', '2024-07-14 17:50:04', 1),
(184, 3, 1, 'asd', '2024-07-14 17:46:53', '2024-07-14 17:50:04', 1),
(185, 3, 1, 'asd', '2024-07-14 17:47:08', '2024-07-14 17:50:04', 1),
(186, 3, 1, 'asd', '2024-07-14 17:47:13', '2024-07-14 17:50:04', 1),
(187, 3, 1, 'asd', '2024-07-14 17:47:33', '2024-07-14 17:50:04', 1),
(188, 3, 1, 'asd', '2024-07-14 17:48:02', '2024-07-14 17:50:04', 1),
(189, 3, 1, 'dasdasdsa', '2024-07-14 17:48:12', '2024-07-14 17:50:04', 1),
(190, 1, 3, 'Прив', '2024-07-14 17:50:08', '2024-07-14 17:50:16', 1),
(191, 3, 1, 'прив', '2024-07-14 17:51:03', '2024-07-14 17:51:51', 1),
(192, 3, 1, 'фыв', '2024-07-14 17:51:23', '2024-07-14 17:51:51', 1),
(193, 3, 1, 'ну', '2024-07-14 17:51:46', '2024-07-14 17:51:51', 1),
(194, 1, 3, 'приве', '2024-07-14 17:51:59', '2024-07-14 17:52:02', 1),
(195, 1, 3, 'прив', '2024-07-14 17:52:07', '2024-07-14 17:52:37', 1),
(196, 3, 11, 'фыв', '2024-07-14 17:52:30', '2024-07-19 13:28:17', 1),
(197, 3, 1, 'фыв', '2024-07-14 17:52:43', '2024-07-14 17:53:03', 1),
(198, 3, 1, 'фыв', '2024-07-14 17:52:49', '2024-07-14 17:53:03', 1),
(199, 3, 1, 'фыв', '2024-07-14 17:52:55', '2024-07-14 17:53:03', 1),
(200, 3, 1, 'фыв', '2024-07-14 17:52:59', '2024-07-14 17:53:03', 1),
(201, 3, 1, 'фыв', '2024-07-14 17:53:06', '2024-07-14 17:53:19', 1),
(202, 3, 1, 'вася', '2024-07-14 17:53:09', '2024-07-14 17:53:19', 1),
(203, 3, 1, 'cfv', '2024-07-14 17:55:18', '2024-07-14 17:56:16', 1),
(204, 3, 1, 'сам такой', '2024-07-14 17:55:27', '2024-07-14 17:56:16', 1),
(205, 3, 1, 'сам', '2024-07-14 17:55:33', '2024-07-14 17:56:16', 1),
(206, 3, 1, 'ну', '2024-07-14 17:55:44', '2024-07-14 17:56:16', 1),
(207, 3, 1, 'asd', '2024-07-15 00:13:51', '2024-07-15 00:14:10', 1),
(208, 3, 1, 'asd', '2024-07-15 00:13:58', '2024-07-15 00:14:10', 1),
(209, 3, 1, 'asd', '2024-07-15 00:15:04', '2024-07-15 00:56:08', 1),
(210, 3, 1, 'asd', '2024-07-15 00:15:10', '2024-07-15 00:56:08', 1),
(211, 3, 1, 'fa', '2024-07-15 00:16:50', '2024-07-15 00:56:08', 1),
(212, 3, 1, 'asd', '2024-07-15 00:31:12', '2024-07-15 00:56:08', 1),
(213, 3, 1, 'as', '2024-07-15 00:31:19', '2024-07-15 00:56:08', 1),
(214, 3, 1, 'asdasd', '2024-07-15 00:31:29', '2024-07-15 00:56:08', 1),
(215, 3, 1, 'asd', '2024-07-15 00:33:58', '2024-07-15 00:56:08', 1),
(216, 3, 1, 'asd', '2024-07-15 00:40:40', '2024-07-15 00:56:08', 1),
(217, 3, 1, 'ddd', '2024-07-15 00:42:55', '2024-07-15 00:56:08', 1),
(218, 3, 1, 'asd', '2024-07-15 00:46:21', '2024-07-15 00:56:08', 1),
(219, 3, 1, 'asd', '2024-07-15 00:46:43', '2024-07-15 00:56:08', 1),
(220, 3, 1, 'dd', '2024-07-15 00:48:21', '2024-07-15 00:56:08', 1),
(221, 3, 1, 'dd', '2024-07-15 00:49:54', '2024-07-15 00:56:08', 1),
(222, 11, 1, 'hi', '2024-07-15 00:51:01', '2024-07-15 00:56:22', 1),
(223, 11, 1, 'he', '2024-07-15 00:51:17', '2024-07-15 00:56:22', 1),
(224, 3, 1, 'asd', '2024-07-15 00:52:04', '2024-07-15 00:56:08', 1),
(225, 3, 1, 'asd', '2024-07-15 00:53:07', '2024-07-15 00:56:08', 1),
(226, 3, 1, 'dsa', '2024-07-15 00:54:18', '2024-07-15 00:56:08', 1),
(227, 3, 1, 'ddd', '2024-07-15 00:54:48', '2024-07-15 00:56:08', 1),
(228, 3, 1, 'ddddd', '2024-07-15 00:54:52', '2024-07-15 00:56:08', 1),
(229, 3, 1, 'da', '2024-07-15 00:55:58', '2024-07-15 00:56:08', 1),
(230, 3, 1, 'dab', '2024-07-15 00:56:04', '2024-07-15 00:56:08', 1),
(231, 3, 1, 'da', '2024-07-15 00:56:09', '2024-07-15 00:56:16', 1),
(232, 3, 1, 'ne', '2024-07-15 00:56:21', '2024-07-15 00:56:28', 1),
(233, 3, 1, 'da', '2024-07-15 00:56:24', '2024-07-15 00:56:28', 1),
(234, 3, 1, 'da', '2024-07-15 00:56:29', '2024-07-15 00:57:33', 1),
(235, 3, 1, 'blya', '2024-07-15 00:56:35', '2024-07-15 00:57:33', 1),
(236, 3, 1, 'da', '2024-07-15 00:57:38', '2024-07-15 00:59:44', 1),
(237, 3, 1, 'daa', '2024-07-15 00:59:48', '2024-07-15 01:03:33', 1),
(238, 3, 1, 'asd', '2024-07-15 01:00:04', '2024-07-15 01:03:33', 1),
(239, 3, 1, 'da', '2024-07-15 01:02:40', '2024-07-15 01:03:33', 1),
(240, 3, 1, 'e', '2024-07-15 01:02:45', '2024-07-15 01:03:33', 1),
(241, 3, 1, 'ee', '2024-07-15 01:02:50', '2024-07-15 01:03:33', 1),
(242, 3, 1, 'ну', '2024-07-15 01:03:38', '2024-07-15 01:10:05', 1),
(243, 3, 1, 'Привееет', '2024-07-15 01:09:33', '2024-07-15 01:10:05', 1),
(244, 3, 1, 'хай', '2024-07-15 01:10:10', '2024-07-15 01:11:45', 1),
(245, 1, 3, 'и тбе хай', '2024-07-15 01:10:17', '2024-07-15 01:11:38', 1),
(246, 3, 1, 'сам как', '2024-07-15 01:11:22', '2024-07-15 01:11:45', 1),
(247, 3, 1, 'савм как', '2024-07-15 01:11:27', '2024-07-15 01:11:45', 1),
(248, 3, 1, 'вы', '2024-07-15 01:11:33', '2024-07-15 01:11:45', 1),
(249, 3, 1, 'ы', '2024-07-15 01:11:39', '2024-07-15 01:11:45', 1),
(250, 3, 1, 'ыыы', '2024-07-15 01:11:48', '2024-07-15 01:15:12', 1),
(251, 1, 3, 'ыыыф', '2024-07-15 01:11:51', '2024-07-15 01:15:14', 1),
(252, 1, 3, 'ха)', '2024-07-15 01:13:45', '2024-07-15 01:15:14', 1),
(253, 3, 1, 'ну', '2024-07-15 01:15:20', '2024-07-15 01:15:44', 1),
(254, 1, 3, 'нет', '2024-07-15 01:15:30', '2024-07-15 01:15:41', 1),
(255, 1, 3, 'с чего бы', '2024-07-15 01:15:49', '2024-07-15 01:18:29', 1),
(256, 1, 3, 'с чего бы и нет', '2024-07-15 01:15:59', '2024-07-15 01:18:29', 1),
(257, 3, 1, 'согласен', '2024-07-15 01:18:34', '2024-07-15 01:19:37', 1),
(258, 3, 1, 'я тоже', '2024-07-15 01:18:51', '2024-07-15 01:19:37', 1),
(259, 3, 1, 'я тоже', '2024-07-15 01:18:59', '2024-07-15 01:19:37', 1),
(260, 3, 1, 'о нет', '2024-07-15 01:19:06', '2024-07-15 01:19:37', 1),
(261, 3, 1, 'фыв', '2024-07-15 01:19:20', '2024-07-15 01:19:37', 1),
(262, 3, 1, 'прив', '2024-07-15 01:19:45', '2024-07-15 01:19:53', 1),
(263, 1, 3, 'как дела?', '2024-07-15 01:20:02', '2024-07-15 01:21:21', 1),
(264, 1, 3, 'все гуд', '2024-07-15 01:20:23', '2024-07-15 01:21:21', 1),
(265, 3, 1, 'у меня тож', '2024-07-15 01:20:31', '2024-07-15 01:20:42', 1),
(266, 3, 1, 'да)', '2024-07-15 01:21:24', '2024-07-15 01:22:52', 1),
(267, 1, 3, 'нет)', '2024-07-15 01:21:31', '2024-07-15 01:22:53', 1),
(268, 1, 3, 'ага, ну', '2024-07-15 01:22:58', '2024-07-15 01:23:50', 1),
(269, 1, 3, 'нет', '2024-07-15 01:23:47', '2024-07-15 01:23:50', 1),
(270, 3, 1, 'неее', '2024-07-15 01:23:56', '2024-07-15 01:24:16', 1),
(271, 1, 3, 'ууу', '2024-07-15 01:24:01', '2024-07-15 01:24:14', 1),
(272, 1, 3, 'ааа', '2024-07-15 01:24:18', '2024-07-15 01:24:48', 1),
(273, 3, 1, 'фыв', '2024-07-15 01:24:50', '2024-07-15 01:26:26', 1),
(274, 1, 3, 'выф', '2024-07-15 01:24:55', '2024-07-15 01:26:21', 1),
(275, 1, 3, 'вф', '2024-07-15 01:25:03', '2024-07-15 01:26:21', 1),
(276, 3, 1, 'вф', '2024-07-15 01:25:29', '2024-07-15 01:26:26', 1),
(277, 3, 1, 'гей', '2024-07-15 01:25:32', '2024-07-15 01:26:26', 1),
(278, 3, 1, 'ну', '2024-07-15 01:26:30', '2024-07-15 01:27:02', 1),
(279, 3, 1, 'ну', '2024-07-15 01:26:39', '2024-07-15 01:27:02', 1),
(280, 3, 1, 'нет', '2024-07-15 01:26:44', '2024-07-15 01:27:02', 1),
(281, 1, 11, 'выф', '2024-07-15 01:26:51', '2024-07-19 13:27:45', 1),
(282, 1, 3, 'не верю', '2024-07-15 01:27:12', '2024-07-15 01:27:30', 1),
(283, 3, 1, 'верь', '2024-07-15 01:27:19', '2024-07-19 13:06:34', 1),
(284, 1, 11, 'asd', '2024-07-18 17:10:02', '2024-07-19 13:27:45', 1),
(285, 1, 11, 'asd', '2024-07-18 17:10:05', '2024-07-19 13:27:45', 1),
(286, 1, 11, 'das', '2024-07-18 17:10:09', '2024-07-19 13:27:45', 1),
(287, 1, 11, 'da', '2024-07-18 17:10:41', '2024-07-19 13:27:45', 1),
(288, 1, 11, 're', '2024-07-18 17:11:09', '2024-07-19 13:27:45', 1),
(289, 1, 11, 'de', '2024-07-18 17:11:26', '2024-07-19 13:27:45', 1),
(290, 1, 11, 'yea', '2024-07-18 17:13:13', '2024-07-19 13:27:45', 1),
(291, 1, 3, 'Прив', '2024-07-19 13:06:36', '2024-07-22 15:52:44', 1),
(292, 1, 3, 'Прив', '2024-07-19 13:06:39', '2024-07-22 15:52:44', 1),
(293, 1, 3, 'Прив', '2024-07-19 13:06:40', '2024-07-22 15:52:44', 1),
(294, 1, 3, 'в', '2024-07-19 13:06:51', '2024-07-22 15:52:44', 1),
(295, 1, 3, 'asd', '2024-07-19 13:20:26', '2024-07-22 15:52:44', 1),
(296, 1, 3, 'asd', '2024-07-19 13:20:27', '2024-07-22 15:52:44', 1),
(297, 1, 3, 'asd', '2024-07-19 13:20:30', '2024-07-22 15:52:44', 1),
(298, 1, 3, 'asd', '2024-07-19 13:20:34', '2024-07-22 15:52:44', 1),
(299, 1, 3, 'asd', '2024-07-19 13:20:34', '2024-07-22 15:52:44', 1),
(300, 1, 3, 'asd', '2024-07-19 13:20:35', '2024-07-22 15:52:44', 1),
(301, 1, 3, 'da', '2024-07-19 13:22:56', '2024-07-22 15:52:44', 1),
(302, 1, 3, 'da', '2024-07-19 13:23:19', '2024-07-22 15:52:44', 1),
(303, 1, 3, 'da', '2024-07-19 13:24:04', '2024-07-22 15:52:44', 1),
(304, 1, 11, 'da', '2024-07-19 13:25:38', '2024-07-19 13:27:45', 1),
(305, 1, 11, 'da', '2024-07-19 13:25:40', '2024-07-19 13:27:45', 1),
(306, 1, 11, 'e', '2024-07-19 13:27:08', '2024-07-19 13:27:45', 1),
(307, 1, 11, 'da', '2024-07-19 13:27:24', '2024-07-19 13:27:45', 1),
(308, 11, 1, 'da', '2024-07-19 13:27:57', '2024-07-22 14:36:17', 1),
(309, 11, 1, 'da', '2024-07-19 13:28:14', '2024-07-22 14:36:17', 1),
(310, 1, 11, 'прив', '2024-07-22 15:11:12', '2024-07-22 15:12:13', 1),
(311, 11, 1, 'Прив', '2024-07-22 15:12:24', '2024-07-22 15:20:45', 1),
(312, 11, 1, 'как дела?', '2024-07-22 15:12:32', '2024-07-22 15:20:45', 1),
(313, 1, 11, 'все хорошо', '2024-07-22 15:12:41', '2024-07-22 15:20:45', 1),
(314, 11, 1, 'и у меня', '2024-07-22 15:20:50', '2024-07-22 15:31:56', 1),
(315, 1, 11, 'ну и хорошо', '2024-07-22 15:21:00', '2024-07-22 15:22:56', 1),
(316, 11, 1, 'Привет', '2024-07-22 15:31:37', '2024-07-22 15:31:56', 1),
(317, 11, 1, 'Привет', '2024-07-22 15:31:37', '2024-07-22 15:31:56', 1),
(318, 1, 11, 'и тебе', '2024-07-22 15:31:44', '2024-07-22 15:31:56', 1),
(319, 11, 1, 'как дела?', '2024-07-22 15:32:09', '2024-07-22 15:33:26', 1),
(320, 1, 11, 'все хорошо', '2024-07-22 15:32:17', '2024-07-22 15:33:30', 1),
(321, 11, 1, 'прив', '2024-07-22 15:34:21', '2024-07-22 15:34:25', 1),
(322, 1, 11, 'как', '2024-07-22 15:34:50', '2024-07-22 15:34:53', 1),
(323, 1, 11, 'к', '2024-07-22 15:34:59', '2024-07-22 15:35:11', 1),
(324, 11, 1, 'как дела?', '2024-07-22 15:35:47', '2024-07-22 15:35:51', 1),
(325, 1, 11, 'все хорошо', '2024-07-22 15:35:54', '2024-07-22 15:35:55', 1),
(326, 1, 11, 'ага', '2024-07-22 15:45:16', '2024-07-22 15:45:17', 1),
(327, 11, 1, 'че', '2024-07-22 15:45:32', '2024-07-22 15:45:33', 1),
(328, 1, 11, 'как', '2024-07-22 15:49:51', '2024-07-22 15:49:52', 1),
(329, 11, 1, 'что как', '2024-07-22 15:49:58', '2024-07-22 15:49:59', 1),
(330, 1, 11, 'нич', '2024-07-22 15:50:39', '2024-07-22 15:50:39', 1),
(331, 1, 11, 'а че', '2024-07-22 15:50:47', '2024-07-22 15:50:49', 1),
(332, 1, 11, 'всм', '2024-07-22 15:50:58', '2024-07-22 15:51:00', 1),
(333, 1, 11, 'xt', '2024-07-22 15:51:27', '2024-07-22 15:51:30', 1),
(334, 1, 11, 'xt', '2024-07-22 15:51:50', '2024-07-22 15:51:52', 1),
(335, 1, 11, 's', '2024-07-22 15:52:09', '2024-07-22 15:52:12', 1),
(336, 11, 1, 'вф', '2024-07-22 15:52:15', '2024-07-22 15:52:15', 1),
(337, 1, 11, 'a', '2024-07-22 15:52:36', '2024-07-22 15:52:38', 1),
(338, 11, 1, 'вф', '2024-07-22 15:52:40', '2024-07-22 15:52:43', 1),
(339, 11, 1, 'ф', '2024-07-22 15:52:46', '2024-07-22 15:52:47', 1),
(340, 1, 3, 'ф', '2024-07-22 15:53:07', '2024-07-22 15:53:10', 1),
(341, 11, 1, 'вф', '2024-07-22 15:53:17', '2024-07-22 15:53:20', 1),
(342, 1, 11, 'нифи', '2024-07-22 15:53:26', '2024-07-22 15:53:27', 1),
(343, 11, 1, 'га', '2024-07-22 15:53:28', '2024-07-22 15:53:31', 1),
(344, 11, 1, 'и', '2024-07-22 15:53:38', '2024-07-22 15:53:40', 1),
(345, 1, 11, 'че', '2024-07-22 15:53:44', '2024-07-22 15:53:45', 1),
(346, 11, 1, 'rfr', '2024-07-22 15:55:03', '2024-07-22 15:55:03', 1),
(347, 1, 11, 'а', '2024-07-22 15:55:11', '2024-07-22 15:55:13', 1),
(348, 1, 11, 'Прив', '2024-07-22 15:56:43', '2024-07-22 15:56:45', 1),
(349, 11, 1, 'а', '2024-07-22 15:56:49', '2024-07-22 15:56:50', 1),
(350, 11, 1, 'ф', '2024-07-22 15:56:54', '2024-07-22 15:56:55', 1),
(351, 11, 1, 'не', '2024-07-22 15:57:03', '2024-07-22 15:57:05', 1),
(352, 1, 11, 'фыв', '2024-07-22 15:57:30', '2024-07-22 15:57:32', 1),
(353, 1, 11, 'ф', '2024-07-22 15:57:35', '2024-07-22 15:57:36', 1);

-- --------------------------------------------------------

--
-- Table structure for table `migrations`
--

CREATE TABLE `migrations` (
  `id` int(10) UNSIGNED NOT NULL,
  `migration` varchar(255) NOT NULL,
  `batch` int(11) NOT NULL
) ENGINE=InnoDB DEFAULT CHARSET=utf8mb4 COLLATE=utf8mb4_unicode_ci;

--
-- Dumping data for table `migrations`
--

INSERT INTO `migrations` (`id`, `migration`, `batch`) VALUES
(1, '2014_10_12_000000_create_users_table', 1),
(2, '2014_10_12_100000_create_password_reset_tokens_table', 1),
(3, '2019_08_19_000000_create_failed_jobs_table', 1),
(4, '2019_12_14_000001_create_personal_access_tokens_table', 1),
(5, '2024_01_23_223250_create_posts_table', 1),
(6, '2024_01_23_223307_create_listings_table', 1),
(7, '2024_01_24_093738_create_cultures_table', 1),
(8, '2024_01_26_230722_create_permission_tables', 1),
(9, '2024_02_15_122953_add_phone_verification_to_users_table', 1),
(10, '2024_03_19_002555_create_company_verifications_table', 1),
(11, '2024_06_27_161023_add_profile_photo_to_users_table', 1),
(12, '2024_06_28_133513_create_messages_table', 1),
(13, '2024_06_28_133913_create_contacts_table', 1),
(15, '2024_06_28_201015_create_routes_table', 2),
(16, '2024_06_28_204737_add_unique_constraint_to_contacts_table', 3),
(17, '2024_07_02_142535_create_verification_codes_table', 4),
(18, '2024_07_03_212524_add_cascade_delete_to_listings_table', 5),
(19, '2024_07_04_154424_create_favorites_table', 6),
(20, '2024_07_04_205247_create_news_table', 7),
(21, '2024_07_04_212209_create_media_table', 8),
(22, '2024_07_06_082020_add_is_read_to_messages_table', 9),
(23, '2024_07_08_005455_create_telegraph_bots_table', 10),
(24, '2024_07_08_005456_create_telegraph_chats_table', 10),
(27, '2024_07_09_201401_add_notification_preferences_to_telegram_chats_table', 11),
(41, '2024_07_09_215720_create_chats_preferences_table', 12),
(43, '2024_07_12_005916_create_currency_exchanges_table', 13);

-- --------------------------------------------------------

--
-- Table structure for table `model_has_permissions`
--

CREATE TABLE `model_has_permissions` (
  `permission_id` bigint(20) UNSIGNED NOT NULL,
  `model_type` varchar(255) NOT NULL,
  `model_id` bigint(20) UNSIGNED NOT NULL
) ENGINE=InnoDB DEFAULT CHARSET=utf8mb4 COLLATE=utf8mb4_unicode_ci;

-- --------------------------------------------------------

--
-- Table structure for table `model_has_roles`
--

CREATE TABLE `model_has_roles` (
  `role_id` bigint(20) UNSIGNED NOT NULL,
  `model_type` varchar(255) NOT NULL,
  `model_id` bigint(20) UNSIGNED NOT NULL
) ENGINE=InnoDB DEFAULT CHARSET=utf8mb4 COLLATE=utf8mb4_unicode_ci;

-- --------------------------------------------------------

--
-- Table structure for table `news`
--

CREATE TABLE `news` (
  `id` bigint(20) UNSIGNED NOT NULL,
  `title` varchar(255) NOT NULL,
  `author` varchar(255) NOT NULL,
  `content` text NOT NULL,
  `image` varchar(255) DEFAULT NULL,
  `published_at` date NOT NULL,
  `created_at` timestamp NULL DEFAULT NULL,
  `updated_at` timestamp NULL DEFAULT NULL
) ENGINE=InnoDB DEFAULT CHARSET=utf8mb4 COLLATE=utf8mb4_unicode_ci;

--
-- Dumping data for table `news`
--

INSERT INTO `news` (`id`, `title`, `author`, `content`, `image`, `published_at`, `created_at`, `updated_at`) VALUES
(3, 'Китай молодец', 'АгроИнвест', 'Rbasdasdasdasd', 'news_images/01J1Z65Q46FDVH800PVF3KAMB2.png', '2024-07-04', '2024-07-04 16:35:26', '2024-07-04 16:35:26'),
(4, 'Эффективную схему сокращения пестицидов предложила ФАО в Казахстане', 'ФАО', 'Специалисты ФАО (Продовольственная и сельскохозяйственная организация ООН) предложили аграриям Туркестанской области применять современные методы борьбы с болезнями растений, которые позволят снизить до 60% использование опасных препаратов, а на некоторых этапах отказаться от удобрений. Этой теме был посвящен прошедший в регионе тренинг «Управление жизненным циклом пестицидов и утилизация пестицидов, содержащих СОЗ (стойкие органические загрязнители) в странах Центральной Азии и Турции», сообщили в представительстве ФАО в Казахстане.\n\nВ ФАО отметили, что вместе с глобальным потеплением климата меняется видовой состав вредных организмов, появляются новые заболевания растений. Например, в Туркестанской области из-за бактериального ожога значительно пострадали плодовые культуры на площади 50 тыс. га. Растения также подвержены поражению томатной моли, морщинистостью плодов томата. Новую угрозу представляет коричнево-мраморный клоп и прочие.\n\nМежду тем эксперты рассказали об экологичных методах борьбы с болезнями. Интегрированная защита растений (IPM) - это инструмент ФАО, который позволят держать под контролем распространение опасных и карантинных вредных организмов, способствовать получению экологически чистой и конкурентоспособной сельскохозяйственной продукции, сократить расход пестицидов. Методы IPM широко используются во многих странах с целью сохранения чистоты почв, защиты биоразнообразия и здоровья населения. \n\nВ 2023 году ФАО провела в Казахстане испытания в яблоневых садах, на томатах и ​​капусте. Опыт показал, что, несмотря на значительное сокращение использования пестицидов, были получены лучшие результаты по сравнению с участками, где пестициды применялись по-старому методу. При этом не потребовалось увеличения затрат. Если обычная практика требовала более 20 обработок за сезон, то при IPM – всего 6. Экономическая эффективность составила более 80%. При этом токсикологическая оценка показала отсутствие следов химпрепаратов в почве и плодах, что говорит о «чистоте» выращенной продукции.  ', 'news_images/01J1Z6XA7933HM28JVMDFKB7E8.jpg', '2024-07-04', '2024-07-04 16:48:19', '2024-07-04 16:48:19'),
(5, 'Молочную ферму на 10 тыс. голов построят в Казахстане', 'AsylFarms', 'Казахстанская компания Asyl Farms, китайские AGRIFAM Co., Ltd. и Powerchina Eurasia подписали договор на проект строительства молочно-товарной фермы на 10 тыс. голов в Казахстане. Подписание прошло в рамках казахстанско-китайского круглого стола при поддержке нацкомпании KAZAKH INVEST.\n\nПодробности заключения договора в KAZAKH INVEST не сообщили.\n\nКомпания Asyl Farms работает в Северо-Казахстанской области, в районе Шал Акына. По данным телеканала МТРК, посевная в 2023 году хозяйством была проведена на площади 246 тыс. га. На полях Asyl Farms выращивают зерновые, масличные, кормовые культуры, внедряется орошение.\n\nТакое масштабное производство и земельный банк позволят обеспечить кормовую базу для крупной животноводческой фермы. В 2023 году сообщалось о планах Asyl Farms построить молочно-товарную ферму на 600 голов.', 'news_images/01J1Z6YT2ZFVF51QXW2682BTFE.jpg', '2024-07-04', '2024-07-04 16:49:08', '2024-07-04 16:49:08');

-- --------------------------------------------------------

--
-- Table structure for table `password_reset_tokens`
--

CREATE TABLE `password_reset_tokens` (
  `email` varchar(255) NOT NULL,
  `token` varchar(255) NOT NULL,
  `created_at` timestamp NULL DEFAULT NULL
) ENGINE=InnoDB DEFAULT CHARSET=utf8mb4 COLLATE=utf8mb4_unicode_ci;

-- --------------------------------------------------------

--
-- Table structure for table `permissions`
--

CREATE TABLE `permissions` (
  `id` bigint(20) UNSIGNED NOT NULL,
  `name` varchar(255) NOT NULL,
  `guard_name` varchar(255) NOT NULL,
  `created_at` timestamp NULL DEFAULT NULL,
  `updated_at` timestamp NULL DEFAULT NULL
) ENGINE=InnoDB DEFAULT CHARSET=utf8mb4 COLLATE=utf8mb4_unicode_ci;

-- --------------------------------------------------------

--
-- Table structure for table `personal_access_tokens`
--

CREATE TABLE `personal_access_tokens` (
  `id` bigint(20) UNSIGNED NOT NULL,
  `tokenable_type` varchar(255) NOT NULL,
  `tokenable_id` bigint(20) UNSIGNED NOT NULL,
  `name` varchar(255) NOT NULL,
  `token` varchar(64) NOT NULL,
  `abilities` text DEFAULT NULL,
  `last_used_at` timestamp NULL DEFAULT NULL,
  `expires_at` timestamp NULL DEFAULT NULL,
  `created_at` timestamp NULL DEFAULT NULL,
  `updated_at` timestamp NULL DEFAULT NULL
) ENGINE=InnoDB DEFAULT CHARSET=utf8mb4 COLLATE=utf8mb4_unicode_ci;

-- --------------------------------------------------------

--
-- Table structure for table `posts`
--

CREATE TABLE `posts` (
  `id` bigint(20) UNSIGNED NOT NULL,
  `title` varchar(255) NOT NULL,
  `slug` varchar(255) NOT NULL,
  `thumbnail` varchar(255) NOT NULL,
  `body` longtext NOT NULL,
  `active` tinyint(1) NOT NULL,
  `published_at` datetime NOT NULL,
  `created_at` timestamp NULL DEFAULT NULL,
  `updated_at` timestamp NULL DEFAULT NULL
) ENGINE=InnoDB DEFAULT CHARSET=utf8mb4 COLLATE=utf8mb4_unicode_ci;

-- --------------------------------------------------------

--
-- Table structure for table `roles`
--

CREATE TABLE `roles` (
  `id` bigint(20) UNSIGNED NOT NULL,
  `name` varchar(255) NOT NULL,
  `guard_name` varchar(255) NOT NULL,
  `created_at` timestamp NULL DEFAULT NULL,
  `updated_at` timestamp NULL DEFAULT NULL
) ENGINE=InnoDB DEFAULT CHARSET=utf8mb4 COLLATE=utf8mb4_unicode_ci;

-- --------------------------------------------------------

--
-- Table structure for table `role_has_permissions`
--

CREATE TABLE `role_has_permissions` (
  `permission_id` bigint(20) UNSIGNED NOT NULL,
  `role_id` bigint(20) UNSIGNED NOT NULL
) ENGINE=InnoDB DEFAULT CHARSET=utf8mb4 COLLATE=utf8mb4_unicode_ci;

-- --------------------------------------------------------

--
-- Table structure for table `routes`
--

CREATE TABLE `routes` (
  `id` bigint(20) UNSIGNED NOT NULL,
  `from_city` varchar(255) NOT NULL,
  `to_city` varchar(255) NOT NULL,
  `company` varchar(255) NOT NULL,
  `transportation` varchar(255) NOT NULL,
  `cost` double(8,2) NOT NULL,
  `days` double(8,2) NOT NULL,
  `created_at` timestamp NULL DEFAULT NULL,
  `updated_at` timestamp NULL DEFAULT NULL
) ENGINE=InnoDB DEFAULT CHARSET=utf8mb4 COLLATE=utf8mb4_unicode_ci;

-- --------------------------------------------------------

--
-- Table structure for table `telegraph_bots`
--

CREATE TABLE `telegraph_bots` (
  `id` bigint(20) UNSIGNED NOT NULL,
  `token` varchar(255) NOT NULL,
  `name` varchar(255) DEFAULT NULL,
  `created_at` timestamp NULL DEFAULT NULL,
  `updated_at` timestamp NULL DEFAULT NULL
) ENGINE=InnoDB DEFAULT CHARSET=utf8mb4 COLLATE=utf8mb4_unicode_ci;

--
-- Dumping data for table `telegraph_bots`
--

INSERT INTO `telegraph_bots` (`id`, `token`, `name`, `created_at`, `updated_at`) VALUES
(3, '7338433965:AAGG2gWvjXrKOxYmC8X2veXmwl0UmWsLXAs', 'Agrarnik', '2024-07-07 19:58:20', '2024-07-07 19:58:20');

-- --------------------------------------------------------

--
-- Table structure for table `telegraph_chats`
--

CREATE TABLE `telegraph_chats` (
  `id` bigint(20) UNSIGNED NOT NULL,
  `chat_id` varchar(255) NOT NULL,
  `name` varchar(255) DEFAULT NULL,
  `telegraph_bot_id` bigint(20) UNSIGNED NOT NULL,
  `created_at` timestamp NULL DEFAULT NULL,
  `updated_at` timestamp NULL DEFAULT NULL
) ENGINE=InnoDB DEFAULT CHARSET=utf8mb4 COLLATE=utf8mb4_unicode_ci;

--
-- Dumping data for table `telegraph_chats`
--

INSERT INTO `telegraph_chats` (`id`, `chat_id`, `name`, `telegraph_bot_id`, `created_at`, `updated_at`) VALUES
(1, '473946323', '[private] adylenya', 3, '2024-07-07 21:17:55', '2024-07-07 21:17:55');

-- --------------------------------------------------------

--
-- Table structure for table `users`
--

CREATE TABLE `users` (
  `id` bigint(20) UNSIGNED NOT NULL,
  `name` varchar(255) NOT NULL,
  `email` varchar(255) DEFAULT NULL,
  `profile_photo` varchar(255) DEFAULT NULL,
  `phone` varchar(255) NOT NULL,
  `role` varchar(255) NOT NULL DEFAULT 'user',
  `password` varchar(255) NOT NULL,
  `is_phone_verified` tinyint(1) NOT NULL DEFAULT 0,
  `company_name` varchar(255) DEFAULT NULL,
  `address` varchar(255) DEFAULT NULL,
  `contact_person` varchar(255) DEFAULT NULL,
  `preferred_language` varchar(255) NOT NULL DEFAULT 'ru',
  `currency` varchar(255) NOT NULL DEFAULT 'KZT',
  `type_of_business` varchar(255) DEFAULT NULL,
  `remember_token` varchar(100) DEFAULT NULL,
  `created_at` timestamp NULL DEFAULT NULL,
  `updated_at` timestamp NULL DEFAULT NULL,
  `notification_preferences` longtext CHARACTER SET utf8mb4 COLLATE utf8mb4_bin DEFAULT NULL CHECK (json_valid(`notification_preferences`)),
  `preferred_cultures` longtext CHARACTER SET utf8mb4 COLLATE utf8mb4_bin DEFAULT NULL CHECK (json_valid(`preferred_cultures`))
) ENGINE=InnoDB DEFAULT CHARSET=utf8mb4 COLLATE=utf8mb4_unicode_ci;

--
-- Dumping data for table `users`
--

INSERT INTO `users` (`id`, `name`, `email`, `profile_photo`, `phone`, `role`, `password`, `is_phone_verified`, `company_name`, `address`, `contact_person`, `preferred_language`, `currency`, `type_of_business`, `remember_token`, `created_at`, `updated_at`, `notification_preferences`, `preferred_cultures`) VALUES
(1, 'Admin User', 'admin@agrarnik.kz', NULL, 'admin', 'admin', '$2y$12$cixLoP.1b5OF6Xsb1dLSqO2KwsS8DYpooESSqCxgSltJl5JZsj0U2', 1, 'Agrarnik Company', 'Кокшетау 2', 'Admin Contact', 'ru', 'KZT', 'first third', 'af751PXtvW5ZBztG7SUXzzoMoTeYZMPK259K2xc7GFw0rSN9izTvugeEhsDq', '2024-06-28 10:12:26', '2024-07-18 16:55:58', NULL, NULL),
(3, 'Saida', NULL, NULL, '+77028659555', 'user', '$2y$12$94UFWt5wMhHivYATN5BMOeq2.qvqPbZRSUHAMwguEIXnc4k4ARvx.', 1, NULL, NULL, NULL, 'ru', 'KZT', NULL, NULL, '2024-06-30 21:03:14', '2024-06-30 21:03:48', NULL, NULL),
(6, 'Arthur', NULL, NULL, '+77052916388', 'user', '$2y$12$W.fuwUvpPlZdBwwFEYAppew0PM5pIo3ul255L6nrPlQ2f1ULTex6C', 0, NULL, NULL, NULL, 'ru', 'KZT', NULL, NULL, '2024-07-01 17:32:12', '2024-07-01 17:32:12', NULL, NULL),
(9, 'DreamTim', NULL, NULL, '+77770344857', 'user', '$2y$12$UuRr3hIIWFlq8ZU22CxViOlkbLERNuATAOMoGjLDAYxAlf0ThUavq', 1, NULL, NULL, NULL, 'ru', 'KZT', NULL, NULL, '2024-07-01 17:59:17', '2024-07-01 17:59:17', NULL, NULL),
(11, 'test', 'asdasd@gmail.com', 'profile_photos/1720166163.jpg', '+77051417008', 'user', '$2y$12$Ro8FWRm24BIC1VSas.infuSXhGVmwyqGYdydlzKfNedRre7RJ3K7q', 1, 'OOO NOMAD', NULL, NULL, 'ru', 'USD', 'manufacturer', NULL, '2024-07-02 11:48:37', '2024-08-15 23:23:31', NULL, NULL);

-- --------------------------------------------------------

--
-- Table structure for table `verification_codes`
--

CREATE TABLE `verification_codes` (
  `id` bigint(20) UNSIGNED NOT NULL,
  `phone` varchar(255) NOT NULL,
  `code` varchar(255) NOT NULL,
  `created_at` timestamp NULL DEFAULT NULL,
  `updated_at` timestamp NULL DEFAULT NULL
) ENGINE=InnoDB DEFAULT CHARSET=utf8mb4 COLLATE=utf8mb4_unicode_ci;

--
-- Dumping data for table `verification_codes`
--

INSERT INTO `verification_codes` (`id`, `phone`, `code`, `created_at`, `updated_at`) VALUES
(1, '+712312312', '7202', '2024-07-02 09:33:58', '2024-07-02 09:33:58'),
(2, '+77051417008', '5763', '2024-07-02 09:59:30', '2024-07-02 09:59:30'),
(3, '+77051417008', '3916', '2024-07-02 11:48:37', '2024-07-02 11:48:37'),
(4, '+7123213213', '9069', '2024-07-03 16:27:41', '2024-07-03 16:27:41'),
(5, '+77051417008', '7508', '2024-08-15 22:34:18', '2024-08-15 22:34:18'),
(6, '+77051417008', '3867', '2024-08-15 22:44:24', '2024-08-15 22:44:24');

--
-- Indexes for dumped tables
--

--
-- Indexes for table `chats_preferences`
--
ALTER TABLE `chats_preferences`
  ADD PRIMARY KEY (`id`),
  ADD KEY `chats_preferences_telegraph_chat_id_foreign` (`telegraph_chat_id`);

--
-- Indexes for table `company_verifications`
--
ALTER TABLE `company_verifications`
  ADD PRIMARY KEY (`id`),
  ADD UNIQUE KEY `company_verifications_user_id_unique` (`user_id`);

--
-- Indexes for table `contacts`
--
ALTER TABLE `contacts`
  ADD PRIMARY KEY (`id`),
  ADD UNIQUE KEY `contacts_user_id_contact_id_unique` (`user_id`,`contact_id`),
  ADD KEY `contacts_contact_id_foreign` (`contact_id`);

--
-- Indexes for table `cultures`
--
ALTER TABLE `cultures`
  ADD PRIMARY KEY (`id`);

--
-- Indexes for table `currency_exchanges`
--
ALTER TABLE `currency_exchanges`
  ADD PRIMARY KEY (`id`);

--
-- Indexes for table `failed_jobs`
--
ALTER TABLE `failed_jobs`
  ADD PRIMARY KEY (`id`),
  ADD UNIQUE KEY `failed_jobs_uuid_unique` (`uuid`);

--
-- Indexes for table `favorites`
--
ALTER TABLE `favorites`
  ADD PRIMARY KEY (`id`),
  ADD KEY `favorites_user_id_foreign` (`user_id`),
  ADD KEY `favorites_listing_id_foreign` (`listing_id`);

--
-- Indexes for table `listings`
--
ALTER TABLE `listings`
  ADD PRIMARY KEY (`id`),
  ADD KEY `listings_user_id_foreign` (`user_id`);

--
-- Indexes for table `media`
--
ALTER TABLE `media`
  ADD PRIMARY KEY (`id`),
  ADD UNIQUE KEY `media_uuid_unique` (`uuid`),
  ADD KEY `media_model_type_model_id_index` (`model_type`,`model_id`),
  ADD KEY `media_order_column_index` (`order_column`);

--
-- Indexes for table `messages`
--
ALTER TABLE `messages`
  ADD PRIMARY KEY (`id`),
  ADD KEY `messages_from_id_foreign` (`from_id`),
  ADD KEY `messages_to_id_foreign` (`to_id`);

--
-- Indexes for table `migrations`
--
ALTER TABLE `migrations`
  ADD PRIMARY KEY (`id`);

--
-- Indexes for table `model_has_permissions`
--
ALTER TABLE `model_has_permissions`
  ADD PRIMARY KEY (`permission_id`,`model_id`,`model_type`),
  ADD KEY `model_has_permissions_model_id_model_type_index` (`model_id`,`model_type`);

--
-- Indexes for table `model_has_roles`
--
ALTER TABLE `model_has_roles`
  ADD PRIMARY KEY (`role_id`,`model_id`,`model_type`),
  ADD KEY `model_has_roles_model_id_model_type_index` (`model_id`,`model_type`);

--
-- Indexes for table `news`
--
ALTER TABLE `news`
  ADD PRIMARY KEY (`id`);

--
-- Indexes for table `password_reset_tokens`
--
ALTER TABLE `password_reset_tokens`
  ADD PRIMARY KEY (`email`);

--
-- Indexes for table `permissions`
--
ALTER TABLE `permissions`
  ADD PRIMARY KEY (`id`),
  ADD UNIQUE KEY `permissions_name_guard_name_unique` (`name`,`guard_name`);

--
-- Indexes for table `personal_access_tokens`
--
ALTER TABLE `personal_access_tokens`
  ADD PRIMARY KEY (`id`),
  ADD UNIQUE KEY `personal_access_tokens_token_unique` (`token`),
  ADD KEY `personal_access_tokens_tokenable_type_tokenable_id_index` (`tokenable_type`,`tokenable_id`);

--
-- Indexes for table `posts`
--
ALTER TABLE `posts`
  ADD PRIMARY KEY (`id`);

--
-- Indexes for table `roles`
--
ALTER TABLE `roles`
  ADD PRIMARY KEY (`id`),
  ADD UNIQUE KEY `roles_name_guard_name_unique` (`name`,`guard_name`);

--
-- Indexes for table `role_has_permissions`
--
ALTER TABLE `role_has_permissions`
  ADD PRIMARY KEY (`permission_id`,`role_id`),
  ADD KEY `role_has_permissions_role_id_foreign` (`role_id`);

--
-- Indexes for table `routes`
--
ALTER TABLE `routes`
  ADD PRIMARY KEY (`id`);

--
-- Indexes for table `telegraph_bots`
--
ALTER TABLE `telegraph_bots`
  ADD PRIMARY KEY (`id`),
  ADD UNIQUE KEY `telegraph_bots_token_unique` (`token`);

--
-- Indexes for table `telegraph_chats`
--
ALTER TABLE `telegraph_chats`
  ADD PRIMARY KEY (`id`),
  ADD UNIQUE KEY `telegraph_chats_chat_id_telegraph_bot_id_unique` (`chat_id`,`telegraph_bot_id`),
  ADD KEY `telegraph_chats_telegraph_bot_id_foreign` (`telegraph_bot_id`);

--
-- Indexes for table `users`
--
ALTER TABLE `users`
  ADD PRIMARY KEY (`id`),
  ADD UNIQUE KEY `users_phone_unique` (`phone`),
  ADD UNIQUE KEY `users_email_unique` (`email`);

--
-- Indexes for table `verification_codes`
--
ALTER TABLE `verification_codes`
  ADD PRIMARY KEY (`id`);

--
-- AUTO_INCREMENT for dumped tables
--

--
-- AUTO_INCREMENT for table `chats_preferences`
--
ALTER TABLE `chats_preferences`
  MODIFY `id` bigint(20) UNSIGNED NOT NULL AUTO_INCREMENT, AUTO_INCREMENT=2;

--
-- AUTO_INCREMENT for table `company_verifications`
--
ALTER TABLE `company_verifications`
  MODIFY `id` bigint(20) UNSIGNED NOT NULL AUTO_INCREMENT, AUTO_INCREMENT=8;

--
-- AUTO_INCREMENT for table `contacts`
--
ALTER TABLE `contacts`
  MODIFY `id` bigint(20) UNSIGNED NOT NULL AUTO_INCREMENT, AUTO_INCREMENT=9;

--
-- AUTO_INCREMENT for table `cultures`
--
ALTER TABLE `cultures`
  MODIFY `id` bigint(20) UNSIGNED NOT NULL AUTO_INCREMENT, AUTO_INCREMENT=8;

--
-- AUTO_INCREMENT for table `currency_exchanges`
--
ALTER TABLE `currency_exchanges`
  MODIFY `id` bigint(20) UNSIGNED NOT NULL AUTO_INCREMENT, AUTO_INCREMENT=4;

--
-- AUTO_INCREMENT for table `failed_jobs`
--
ALTER TABLE `failed_jobs`
  MODIFY `id` bigint(20) UNSIGNED NOT NULL AUTO_INCREMENT;

--
-- AUTO_INCREMENT for table `favorites`
--
ALTER TABLE `favorites`
  MODIFY `id` bigint(20) UNSIGNED NOT NULL AUTO_INCREMENT, AUTO_INCREMENT=9;

--
-- AUTO_INCREMENT for table `listings`
--
ALTER TABLE `listings`
  MODIFY `id` bigint(20) UNSIGNED NOT NULL AUTO_INCREMENT, AUTO_INCREMENT=127;

--
-- AUTO_INCREMENT for table `media`
--
ALTER TABLE `media`
  MODIFY `id` bigint(20) UNSIGNED NOT NULL AUTO_INCREMENT;

--
-- AUTO_INCREMENT for table `messages`
--
ALTER TABLE `messages`
  MODIFY `id` bigint(20) UNSIGNED NOT NULL AUTO_INCREMENT, AUTO_INCREMENT=354;

--
-- AUTO_INCREMENT for table `migrations`
--
ALTER TABLE `migrations`
  MODIFY `id` int(10) UNSIGNED NOT NULL AUTO_INCREMENT, AUTO_INCREMENT=44;

--
-- AUTO_INCREMENT for table `news`
--
ALTER TABLE `news`
  MODIFY `id` bigint(20) UNSIGNED NOT NULL AUTO_INCREMENT, AUTO_INCREMENT=6;

--
-- AUTO_INCREMENT for table `permissions`
--
ALTER TABLE `permissions`
  MODIFY `id` bigint(20) UNSIGNED NOT NULL AUTO_INCREMENT;

--
-- AUTO_INCREMENT for table `personal_access_tokens`
--
ALTER TABLE `personal_access_tokens`
  MODIFY `id` bigint(20) UNSIGNED NOT NULL AUTO_INCREMENT;

--
-- AUTO_INCREMENT for table `posts`
--
ALTER TABLE `posts`
  MODIFY `id` bigint(20) UNSIGNED NOT NULL AUTO_INCREMENT;

--
-- AUTO_INCREMENT for table `roles`
--
ALTER TABLE `roles`
  MODIFY `id` bigint(20) UNSIGNED NOT NULL AUTO_INCREMENT;

--
-- AUTO_INCREMENT for table `routes`
--
ALTER TABLE `routes`
  MODIFY `id` bigint(20) UNSIGNED NOT NULL AUTO_INCREMENT;

--
-- AUTO_INCREMENT for table `telegraph_bots`
--
ALTER TABLE `telegraph_bots`
  MODIFY `id` bigint(20) UNSIGNED NOT NULL AUTO_INCREMENT, AUTO_INCREMENT=4;

--
-- AUTO_INCREMENT for table `telegraph_chats`
--
ALTER TABLE `telegraph_chats`
  MODIFY `id` bigint(20) UNSIGNED NOT NULL AUTO_INCREMENT, AUTO_INCREMENT=2;

--
-- AUTO_INCREMENT for table `users`
--
ALTER TABLE `users`
  MODIFY `id` bigint(20) UNSIGNED NOT NULL AUTO_INCREMENT, AUTO_INCREMENT=13;

--
-- AUTO_INCREMENT for table `verification_codes`
--
ALTER TABLE `verification_codes`
  MODIFY `id` bigint(20) UNSIGNED NOT NULL AUTO_INCREMENT, AUTO_INCREMENT=7;

--
-- Constraints for dumped tables
--

--
-- Constraints for table `chats_preferences`
--
ALTER TABLE `chats_preferences`
  ADD CONSTRAINT `chats_preferences_telegraph_chat_id_foreign` FOREIGN KEY (`telegraph_chat_id`) REFERENCES `telegraph_chats` (`chat_id`) ON DELETE CASCADE;

--
-- Constraints for table `company_verifications`
--
ALTER TABLE `company_verifications`
  ADD CONSTRAINT `company_verifications_user_id_foreign` FOREIGN KEY (`user_id`) REFERENCES `users` (`id`) ON DELETE CASCADE;

--
-- Constraints for table `contacts`
--
ALTER TABLE `contacts`
  ADD CONSTRAINT `contacts_contact_id_foreign` FOREIGN KEY (`contact_id`) REFERENCES `users` (`id`),
  ADD CONSTRAINT `contacts_user_id_foreign` FOREIGN KEY (`user_id`) REFERENCES `users` (`id`);

--
-- Constraints for table `favorites`
--
ALTER TABLE `favorites`
  ADD CONSTRAINT `favorites_listing_id_foreign` FOREIGN KEY (`listing_id`) REFERENCES `listings` (`id`) ON DELETE CASCADE,
  ADD CONSTRAINT `favorites_user_id_foreign` FOREIGN KEY (`user_id`) REFERENCES `users` (`id`) ON DELETE CASCADE;

--
-- Constraints for table `listings`
--
ALTER TABLE `listings`
  ADD CONSTRAINT `listings_user_id_foreign` FOREIGN KEY (`user_id`) REFERENCES `users` (`id`) ON DELETE CASCADE;

--
-- Constraints for table `messages`
--
ALTER TABLE `messages`
  ADD CONSTRAINT `messages_from_id_foreign` FOREIGN KEY (`from_id`) REFERENCES `users` (`id`),
  ADD CONSTRAINT `messages_to_id_foreign` FOREIGN KEY (`to_id`) REFERENCES `users` (`id`);

--
-- Constraints for table `model_has_permissions`
--
ALTER TABLE `model_has_permissions`
  ADD CONSTRAINT `model_has_permissions_permission_id_foreign` FOREIGN KEY (`permission_id`) REFERENCES `permissions` (`id`) ON DELETE CASCADE;

--
-- Constraints for table `model_has_roles`
--
ALTER TABLE `model_has_roles`
  ADD CONSTRAINT `model_has_roles_role_id_foreign` FOREIGN KEY (`role_id`) REFERENCES `roles` (`id`) ON DELETE CASCADE;

--
-- Constraints for table `role_has_permissions`
--
ALTER TABLE `role_has_permissions`
  ADD CONSTRAINT `role_has_permissions_permission_id_foreign` FOREIGN KEY (`permission_id`) REFERENCES `permissions` (`id`) ON DELETE CASCADE,
  ADD CONSTRAINT `role_has_permissions_role_id_foreign` FOREIGN KEY (`role_id`) REFERENCES `roles` (`id`) ON DELETE CASCADE;

--
-- Constraints for table `telegraph_chats`
--
ALTER TABLE `telegraph_chats`
  ADD CONSTRAINT `telegraph_chats_telegraph_bot_id_foreign` FOREIGN KEY (`telegraph_bot_id`) REFERENCES `telegraph_bots` (`id`) ON DELETE CASCADE;
--
-- Database: `phpmyadmin`
--
CREATE DATABASE IF NOT EXISTS `phpmyadmin` DEFAULT CHARACTER SET utf8 COLLATE utf8_bin;
USE `phpmyadmin`;

-- --------------------------------------------------------

--
-- Table structure for table `pma__bookmark`
--

CREATE TABLE `pma__bookmark` (
  `id` int(10) UNSIGNED NOT NULL,
  `dbase` varchar(255) NOT NULL DEFAULT '',
  `user` varchar(255) NOT NULL DEFAULT '',
  `label` varchar(255) CHARACTER SET utf8 COLLATE utf8_general_ci NOT NULL DEFAULT '',
  `query` text NOT NULL
) ENGINE=InnoDB DEFAULT CHARSET=utf8 COLLATE=utf8_bin COMMENT='Bookmarks';

-- --------------------------------------------------------

--
-- Table structure for table `pma__central_columns`
--

CREATE TABLE `pma__central_columns` (
  `db_name` varchar(64) NOT NULL,
  `col_name` varchar(64) NOT NULL,
  `col_type` varchar(64) NOT NULL,
  `col_length` text DEFAULT NULL,
  `col_collation` varchar(64) NOT NULL,
  `col_isNull` tinyint(1) NOT NULL,
  `col_extra` varchar(255) DEFAULT '',
  `col_default` text DEFAULT NULL
) ENGINE=InnoDB DEFAULT CHARSET=utf8 COLLATE=utf8_bin COMMENT='Central list of columns';

-- --------------------------------------------------------

--
-- Table structure for table `pma__column_info`
--

CREATE TABLE `pma__column_info` (
  `id` int(5) UNSIGNED NOT NULL,
  `db_name` varchar(64) NOT NULL DEFAULT '',
  `table_name` varchar(64) NOT NULL DEFAULT '',
  `column_name` varchar(64) NOT NULL DEFAULT '',
  `comment` varchar(255) CHARACTER SET utf8 COLLATE utf8_general_ci NOT NULL DEFAULT '',
  `mimetype` varchar(255) CHARACTER SET utf8 COLLATE utf8_general_ci NOT NULL DEFAULT '',
  `transformation` varchar(255) NOT NULL DEFAULT '',
  `transformation_options` varchar(255) NOT NULL DEFAULT '',
  `input_transformation` varchar(255) NOT NULL DEFAULT '',
  `input_transformation_options` varchar(255) NOT NULL DEFAULT ''
) ENGINE=InnoDB DEFAULT CHARSET=utf8 COLLATE=utf8_bin COMMENT='Column information for phpMyAdmin';

-- --------------------------------------------------------

--
-- Table structure for table `pma__designer_settings`
--

CREATE TABLE `pma__designer_settings` (
  `username` varchar(64) NOT NULL,
  `settings_data` text NOT NULL
) ENGINE=InnoDB DEFAULT CHARSET=utf8 COLLATE=utf8_bin COMMENT='Settings related to Designer';

--
-- Dumping data for table `pma__designer_settings`
--

INSERT INTO `pma__designer_settings` (`username`, `settings_data`) VALUES
('root', '{\"relation_lines\":\"true\",\"snap_to_grid\":\"off\",\"angular_direct\":\"direct\"}');

-- --------------------------------------------------------

--
-- Table structure for table `pma__export_templates`
--

CREATE TABLE `pma__export_templates` (
  `id` int(5) UNSIGNED NOT NULL,
  `username` varchar(64) NOT NULL,
  `export_type` varchar(10) NOT NULL,
  `template_name` varchar(64) NOT NULL,
  `template_data` text NOT NULL
) ENGINE=InnoDB DEFAULT CHARSET=utf8 COLLATE=utf8_bin COMMENT='Saved export templates';

-- --------------------------------------------------------

--
-- Table structure for table `pma__favorite`
--

CREATE TABLE `pma__favorite` (
  `username` varchar(64) NOT NULL,
  `tables` text NOT NULL
) ENGINE=InnoDB DEFAULT CHARSET=utf8 COLLATE=utf8_bin COMMENT='Favorite tables';

-- --------------------------------------------------------

--
-- Table structure for table `pma__history`
--

CREATE TABLE `pma__history` (
  `id` bigint(20) UNSIGNED NOT NULL,
  `username` varchar(64) NOT NULL DEFAULT '',
  `db` varchar(64) NOT NULL DEFAULT '',
  `table` varchar(64) NOT NULL DEFAULT '',
  `timevalue` timestamp NOT NULL DEFAULT current_timestamp(),
  `sqlquery` text NOT NULL
) ENGINE=InnoDB DEFAULT CHARSET=utf8 COLLATE=utf8_bin COMMENT='SQL history for phpMyAdmin';

-- --------------------------------------------------------

--
-- Table structure for table `pma__navigationhiding`
--

CREATE TABLE `pma__navigationhiding` (
  `username` varchar(64) NOT NULL,
  `item_name` varchar(64) NOT NULL,
  `item_type` varchar(64) NOT NULL,
  `db_name` varchar(64) NOT NULL,
  `table_name` varchar(64) NOT NULL
) ENGINE=InnoDB DEFAULT CHARSET=utf8 COLLATE=utf8_bin COMMENT='Hidden items of navigation tree';

-- --------------------------------------------------------

--
-- Table structure for table `pma__pdf_pages`
--

CREATE TABLE `pma__pdf_pages` (
  `db_name` varchar(64) NOT NULL DEFAULT '',
  `page_nr` int(10) UNSIGNED NOT NULL,
  `page_descr` varchar(50) CHARACTER SET utf8 COLLATE utf8_general_ci NOT NULL DEFAULT ''
) ENGINE=InnoDB DEFAULT CHARSET=utf8 COLLATE=utf8_bin COMMENT='PDF relation pages for phpMyAdmin';

-- --------------------------------------------------------

--
-- Table structure for table `pma__recent`
--

CREATE TABLE `pma__recent` (
  `username` varchar(64) NOT NULL,
  `tables` text NOT NULL
) ENGINE=InnoDB DEFAULT CHARSET=utf8 COLLATE=utf8_bin COMMENT='Recently accessed tables';

--
-- Dumping data for table `pma__recent`
--

INSERT INTO `pma__recent` (`username`, `tables`) VALUES
('root', '[{\"db\":\"website_db\",\"table\":\"vehicle\"},{\"db\":\"website_db\",\"table\":\"user\"},{\"db\":\"website_db\",\"table\":\"maintenance_tasks\"},{\"db\":\"website_db\",\"table\":\"maintenancepersonnel\"},{\"db\":\"website_db\",\"table\":\"fueling_tasks\"},{\"db\":\"website_db\",\"table\":\"fuelingperson\"},{\"db\":\"website_db\",\"table\":\"employee\"},{\"db\":\"website_db\",\"table\":\"driver\"},{\"db\":\"website_db\",\"table\":\"bookings\"},{\"db\":\"website_db\",\"table\":\"admin\"}]');

-- --------------------------------------------------------

--
-- Table structure for table `pma__relation`
--

CREATE TABLE `pma__relation` (
  `master_db` varchar(64) NOT NULL DEFAULT '',
  `master_table` varchar(64) NOT NULL DEFAULT '',
  `master_field` varchar(64) NOT NULL DEFAULT '',
  `foreign_db` varchar(64) NOT NULL DEFAULT '',
  `foreign_table` varchar(64) NOT NULL DEFAULT '',
  `foreign_field` varchar(64) NOT NULL DEFAULT ''
) ENGINE=InnoDB DEFAULT CHARSET=utf8 COLLATE=utf8_bin COMMENT='Relation table';

-- --------------------------------------------------------

--
-- Table structure for table `pma__savedsearches`
--

CREATE TABLE `pma__savedsearches` (
  `id` int(5) UNSIGNED NOT NULL,
  `username` varchar(64) NOT NULL DEFAULT '',
  `db_name` varchar(64) NOT NULL DEFAULT '',
  `search_name` varchar(64) NOT NULL DEFAULT '',
  `search_data` text NOT NULL
) ENGINE=InnoDB DEFAULT CHARSET=utf8 COLLATE=utf8_bin COMMENT='Saved searches';

-- --------------------------------------------------------

--
-- Table structure for table `pma__table_coords`
--

CREATE TABLE `pma__table_coords` (
  `db_name` varchar(64) NOT NULL DEFAULT '',
  `table_name` varchar(64) NOT NULL DEFAULT '',
  `pdf_page_number` int(11) NOT NULL DEFAULT 0,
  `x` float UNSIGNED NOT NULL DEFAULT 0,
  `y` float UNSIGNED NOT NULL DEFAULT 0
) ENGINE=InnoDB DEFAULT CHARSET=utf8 COLLATE=utf8_bin COMMENT='Table coordinates for phpMyAdmin PDF output';

-- --------------------------------------------------------

--
-- Table structure for table `pma__table_info`
--

CREATE TABLE `pma__table_info` (
  `db_name` varchar(64) NOT NULL DEFAULT '',
  `table_name` varchar(64) NOT NULL DEFAULT '',
  `display_field` varchar(64) NOT NULL DEFAULT ''
) ENGINE=InnoDB DEFAULT CHARSET=utf8 COLLATE=utf8_bin COMMENT='Table information for phpMyAdmin';

-- --------------------------------------------------------

--
-- Table structure for table `pma__table_uiprefs`
--

CREATE TABLE `pma__table_uiprefs` (
  `username` varchar(64) NOT NULL,
  `db_name` varchar(64) NOT NULL,
  `table_name` varchar(64) NOT NULL,
  `prefs` text NOT NULL,
  `last_update` timestamp NOT NULL DEFAULT current_timestamp() ON UPDATE current_timestamp()
) ENGINE=InnoDB DEFAULT CHARSET=utf8 COLLATE=utf8_bin COMMENT='Tables'' UI preferences';

--
-- Dumping data for table `pma__table_uiprefs`
--

INSERT INTO `pma__table_uiprefs` (`username`, `db_name`, `table_name`, `prefs`, `last_update`) VALUES
('root', 'website_db', 'maintenance_tasks', '{\"sorted_col\":\"`maintenance_tasks`.`maintenance_task_id` ASC\"}', '2023-11-20 01:15:29');

-- --------------------------------------------------------

--
-- Table structure for table `pma__tracking`
--

CREATE TABLE `pma__tracking` (
  `db_name` varchar(64) NOT NULL,
  `table_name` varchar(64) NOT NULL,
  `version` int(10) UNSIGNED NOT NULL,
  `date_created` datetime NOT NULL,
  `date_updated` datetime NOT NULL,
  `schema_snapshot` text NOT NULL,
  `schema_sql` text DEFAULT NULL,
  `data_sql` longtext DEFAULT NULL,
  `tracking` set('UPDATE','REPLACE','INSERT','DELETE','TRUNCATE','CREATE DATABASE','ALTER DATABASE','DROP DATABASE','CREATE TABLE','ALTER TABLE','RENAME TABLE','DROP TABLE','CREATE INDEX','DROP INDEX','CREATE VIEW','ALTER VIEW','DROP VIEW') DEFAULT NULL,
  `tracking_active` int(1) UNSIGNED NOT NULL DEFAULT 1
) ENGINE=InnoDB DEFAULT CHARSET=utf8 COLLATE=utf8_bin COMMENT='Database changes tracking for phpMyAdmin';

-- --------------------------------------------------------

--
-- Table structure for table `pma__userconfig`
--

CREATE TABLE `pma__userconfig` (
  `username` varchar(64) NOT NULL,
  `timevalue` timestamp NOT NULL DEFAULT current_timestamp() ON UPDATE current_timestamp(),
  `config_data` text NOT NULL
) ENGINE=InnoDB DEFAULT CHARSET=utf8 COLLATE=utf8_bin COMMENT='User preferences storage for phpMyAdmin';

--
-- Dumping data for table `pma__userconfig`
--

INSERT INTO `pma__userconfig` (`username`, `timevalue`, `config_data`) VALUES
('root', '2023-12-07 13:34:25', '{\"Console\\/Mode\":\"collapse\"}');

-- --------------------------------------------------------

--
-- Table structure for table `pma__usergroups`
--

CREATE TABLE `pma__usergroups` (
  `usergroup` varchar(64) NOT NULL,
  `tab` varchar(64) NOT NULL,
  `allowed` enum('Y','N') NOT NULL DEFAULT 'N'
) ENGINE=InnoDB DEFAULT CHARSET=utf8 COLLATE=utf8_bin COMMENT='User groups with configured menu items';

-- --------------------------------------------------------

--
-- Table structure for table `pma__users`
--

CREATE TABLE `pma__users` (
  `username` varchar(64) NOT NULL,
  `usergroup` varchar(64) NOT NULL
) ENGINE=InnoDB DEFAULT CHARSET=utf8 COLLATE=utf8_bin COMMENT='Users and their assignments to user groups';

--
-- Indexes for dumped tables
--

--
-- Indexes for table `pma__bookmark`
--
ALTER TABLE `pma__bookmark`
  ADD PRIMARY KEY (`id`);

--
-- Indexes for table `pma__central_columns`
--
ALTER TABLE `pma__central_columns`
  ADD PRIMARY KEY (`db_name`,`col_name`);

--
-- Indexes for table `pma__column_info`
--
ALTER TABLE `pma__column_info`
  ADD PRIMARY KEY (`id`),
  ADD UNIQUE KEY `db_name` (`db_name`,`table_name`,`column_name`);

--
-- Indexes for table `pma__designer_settings`
--
ALTER TABLE `pma__designer_settings`
  ADD PRIMARY KEY (`username`);

--
-- Indexes for table `pma__export_templates`
--
ALTER TABLE `pma__export_templates`
  ADD PRIMARY KEY (`id`),
  ADD UNIQUE KEY `u_user_type_template` (`username`,`export_type`,`template_name`);

--
-- Indexes for table `pma__favorite`
--
ALTER TABLE `pma__favorite`
  ADD PRIMARY KEY (`username`);

--
-- Indexes for table `pma__history`
--
ALTER TABLE `pma__history`
  ADD PRIMARY KEY (`id`),
  ADD KEY `username` (`username`,`db`,`table`,`timevalue`);

--
-- Indexes for table `pma__navigationhiding`
--
ALTER TABLE `pma__navigationhiding`
  ADD PRIMARY KEY (`username`,`item_name`,`item_type`,`db_name`,`table_name`);

--
-- Indexes for table `pma__pdf_pages`
--
ALTER TABLE `pma__pdf_pages`
  ADD PRIMARY KEY (`page_nr`),
  ADD KEY `db_name` (`db_name`);

--
-- Indexes for table `pma__recent`
--
ALTER TABLE `pma__recent`
  ADD PRIMARY KEY (`username`);

--
-- Indexes for table `pma__relation`
--
ALTER TABLE `pma__relation`
  ADD PRIMARY KEY (`master_db`,`master_table`,`master_field`),
  ADD KEY `foreign_field` (`foreign_db`,`foreign_table`);

--
-- Indexes for table `pma__savedsearches`
--
ALTER TABLE `pma__savedsearches`
  ADD PRIMARY KEY (`id`),
  ADD UNIQUE KEY `u_savedsearches_username_dbname` (`username`,`db_name`,`search_name`);

--
-- Indexes for table `pma__table_coords`
--
ALTER TABLE `pma__table_coords`
  ADD PRIMARY KEY (`db_name`,`table_name`,`pdf_page_number`);

--
-- Indexes for table `pma__table_info`
--
ALTER TABLE `pma__table_info`
  ADD PRIMARY KEY (`db_name`,`table_name`);

--
-- Indexes for table `pma__table_uiprefs`
--
ALTER TABLE `pma__table_uiprefs`
  ADD PRIMARY KEY (`username`,`db_name`,`table_name`);

--
-- Indexes for table `pma__tracking`
--
ALTER TABLE `pma__tracking`
  ADD PRIMARY KEY (`db_name`,`table_name`,`version`);

--
-- Indexes for table `pma__userconfig`
--
ALTER TABLE `pma__userconfig`
  ADD PRIMARY KEY (`username`);

--
-- Indexes for table `pma__usergroups`
--
ALTER TABLE `pma__usergroups`
  ADD PRIMARY KEY (`usergroup`,`tab`,`allowed`);

--
-- Indexes for table `pma__users`
--
ALTER TABLE `pma__users`
  ADD PRIMARY KEY (`username`,`usergroup`);

--
-- AUTO_INCREMENT for dumped tables
--

--
-- AUTO_INCREMENT for table `pma__bookmark`
--
ALTER TABLE `pma__bookmark`
  MODIFY `id` int(10) UNSIGNED NOT NULL AUTO_INCREMENT;

--
-- AUTO_INCREMENT for table `pma__column_info`
--
ALTER TABLE `pma__column_info`
  MODIFY `id` int(5) UNSIGNED NOT NULL AUTO_INCREMENT;

--
-- AUTO_INCREMENT for table `pma__export_templates`
--
ALTER TABLE `pma__export_templates`
  MODIFY `id` int(5) UNSIGNED NOT NULL AUTO_INCREMENT;

--
-- AUTO_INCREMENT for table `pma__history`
--
ALTER TABLE `pma__history`
  MODIFY `id` bigint(20) UNSIGNED NOT NULL AUTO_INCREMENT;

--
-- AUTO_INCREMENT for table `pma__pdf_pages`
--
ALTER TABLE `pma__pdf_pages`
  MODIFY `page_nr` int(10) UNSIGNED NOT NULL AUTO_INCREMENT;

--
-- AUTO_INCREMENT for table `pma__savedsearches`
--
ALTER TABLE `pma__savedsearches`
  MODIFY `id` int(5) UNSIGNED NOT NULL AUTO_INCREMENT;
--
-- Database: `symftest`
--
CREATE DATABASE IF NOT EXISTS `symftest` DEFAULT CHARACTER SET utf8mb4 COLLATE utf8mb4_general_ci;
USE `symftest`;

-- --------------------------------------------------------

--
-- Table structure for table `customer`
--

CREATE TABLE `customer` (
  `id` int(11) NOT NULL,
  `first_name` varchar(255) NOT NULL,
  `last_name` varchar(255) NOT NULL,
  `email` varchar(255) NOT NULL,
  `company_name` varchar(255) DEFAULT NULL,
  `position` varchar(255) DEFAULT NULL,
  `phone1` varchar(255) DEFAULT NULL,
  `phone2` varchar(255) DEFAULT NULL,
  `phone3` varchar(255) DEFAULT NULL,
  `created_at` datetime NOT NULL COMMENT '(DC2Type:datetime_immutable)'
) ENGINE=InnoDB DEFAULT CHARSET=utf8mb4 COLLATE=utf8mb4_unicode_ci;

--
-- Indexes for dumped tables
--

--
-- Indexes for table `customer`
--
ALTER TABLE `customer`
  ADD PRIMARY KEY (`id`),
  ADD UNIQUE KEY `UNIQ_81398E09E7927C74` (`email`);

--
-- AUTO_INCREMENT for dumped tables
--

--
-- AUTO_INCREMENT for table `customer`
--
ALTER TABLE `customer`
  MODIFY `id` int(11) NOT NULL AUTO_INCREMENT, AUTO_INCREMENT=12;
--
-- Database: `test`
--
CREATE DATABASE IF NOT EXISTS `test` DEFAULT CHARACTER SET latin1 COLLATE latin1_swedish_ci;
USE `test`;
--
-- Database: `website_db`
--
CREATE DATABASE IF NOT EXISTS `website_db` DEFAULT CHARACTER SET utf8mb4 COLLATE utf8mb4_general_ci;
USE `website_db`;

-- --------------------------------------------------------

--
-- Table structure for table `admin`
--

CREATE TABLE `admin` (
  `AdminID` int(11) NOT NULL,
  `UserID` int(11) DEFAULT NULL
) ENGINE=InnoDB DEFAULT CHARSET=utf8mb4 COLLATE=utf8mb4_general_ci;

--
-- Dumping data for table `admin`
--

INSERT INTO `admin` (`AdminID`, `UserID`) VALUES
(2, 20);

-- --------------------------------------------------------

--
-- Table structure for table `bookings`
--

CREATE TABLE `bookings` (
  `booking_id` int(11) NOT NULL,
  `vehicle_id` int(11) NOT NULL,
  `date` date NOT NULL,
  `employee` int(11) NOT NULL,
  `start_point` varchar(100) NOT NULL,
  `end_point` varchar(100) NOT NULL,
  `status` varchar(20) NOT NULL
) ENGINE=InnoDB DEFAULT CHARSET=utf8mb4 COLLATE=utf8mb4_general_ci;

--
-- Dumping data for table `bookings`
--

INSERT INTO `bookings` (`booking_id`, `vehicle_id`, `date`, `employee`, `start_point`, `end_point`, `status`) VALUES
(9, 7, '2023-12-01', 11, 'NU', 'Mega Silkway', 'Finished');

-- --------------------------------------------------------

--
-- Table structure for table `driver`
--

CREATE TABLE `driver` (
  `DriverID` int(11) NOT NULL,
  `UserID` int(11) DEFAULT NULL,
  `LicenseNumber` varchar(50) NOT NULL,
  `LicenseExpiry` date NOT NULL,
  `PerformanceRate` float DEFAULT NULL CHECK (`PerformanceRate` between 1 and 5)
) ENGINE=InnoDB DEFAULT CHARSET=utf8mb4 COLLATE=utf8mb4_general_ci;

--
-- Dumping data for table `driver`
--

INSERT INTO `driver` (`DriverID`, `UserID`, `LicenseNumber`, `LicenseExpiry`, `PerformanceRate`) VALUES
(7, 36, 'licensenumber', '2023-12-02', NULL);

-- --------------------------------------------------------

--
-- Table structure for table `employee`
--

CREATE TABLE `employee` (
  `EmployeeID` int(11) NOT NULL,
  `UserID` int(11) DEFAULT NULL,
  `Department` varchar(100) DEFAULT NULL
) ENGINE=InnoDB DEFAULT CHARSET=utf8mb4 COLLATE=utf8mb4_general_ci;

--
-- Dumping data for table `employee`
--

INSERT INTO `employee` (`EmployeeID`, `UserID`, `Department`) VALUES
(1, 1, 'IT'),
(3, 4, 'asdas'),
(6, 9, 'TEST'),
(11, 35, 'CS');

-- --------------------------------------------------------

--
-- Table structure for table `fuelingperson`
--

CREATE TABLE `fuelingperson` (
  `FuelingPersonID` int(11) NOT NULL,
  `UserID` int(11) DEFAULT NULL
) ENGINE=InnoDB DEFAULT CHARSET=utf8mb4 COLLATE=utf8mb4_general_ci;

--
-- Dumping data for table `fuelingperson`
--

INSERT INTO `fuelingperson` (`FuelingPersonID`, `UserID`) VALUES
(4, 16),
(9, 37);

-- --------------------------------------------------------

--
-- Table structure for table `fueling_tasks`
--

CREATE TABLE `fueling_tasks` (
  `FuelingTaskID` int(11) NOT NULL,
  `VehicleID` int(11) NOT NULL,
  `Deadline` date NOT NULL,
  `FuelAmount` int(11) NOT NULL,
  `Cost` int(11) DEFAULT NULL,
  `FuelingPerson` varchar(100) NOT NULL,
  `Status` varchar(20) NOT NULL
) ENGINE=InnoDB DEFAULT CHARSET=utf8mb4 COLLATE=utf8mb4_general_ci;

--
-- Dumping data for table `fueling_tasks`
--

INSERT INTO `fueling_tasks` (`FuelingTaskID`, `VehicleID`, `Deadline`, `FuelAmount`, `Cost`, `FuelingPerson`, `Status`) VALUES
(1, 1, '2023-11-17', 22, NULL, '1', 'Finished'),
(2, 1, '2023-12-03', 123, 33, '1', 'Finished'),
(3, 1, '2023-11-16', 123, 123, '1', 'Cancelled'),
(4, 4, '2023-11-18', 123, 200, '5', 'Finished'),
(5, 2, '2023-12-02', 100, 100, '6', 'Finished'),
(6, 6, '2023-12-02', 20, 100, '8', 'Finished'),
(7, 7, '2023-12-01', 20, 100, '9', 'Finished');

-- --------------------------------------------------------

--
-- Table structure for table `maintenancepersonnel`
--

CREATE TABLE `maintenancepersonnel` (
  `MaintenancePersonnelID` int(11) NOT NULL,
  `UserID` int(11) DEFAULT NULL,
  `Specialization` varchar(100) DEFAULT NULL
) ENGINE=InnoDB DEFAULT CHARSET=utf8mb4 COLLATE=utf8mb4_general_ci;

--
-- Dumping data for table `maintenancepersonnel`
--

INSERT INTO `maintenancepersonnel` (`MaintenancePersonnelID`, `UserID`, `Specialization`) VALUES
(2, 17, 'maintain)'),
(6, 38, 'Repair');

-- --------------------------------------------------------

--
-- Table structure for table `maintenance_tasks`
--

CREATE TABLE `maintenance_tasks` (
  `maintenance_task_id` int(11) NOT NULL,
  `vehicle_id` int(11) DEFAULT NULL,
  `date` date DEFAULT NULL,
  `parts_replaced` varchar(255) DEFAULT NULL,
  `cost` decimal(10,2) DEFAULT NULL,
  `maintenance_person` varchar(255) DEFAULT NULL,
  `status` varchar(50) DEFAULT NULL,
  `image_path` varchar(255) DEFAULT NULL
) ENGINE=InnoDB DEFAULT CHARSET=utf8mb4 COLLATE=utf8mb4_general_ci;

--
-- Dumping data for table `maintenance_tasks`
--

INSERT INTO `maintenance_tasks` (`maintenance_task_id`, `vehicle_id`, `date`, `parts_replaced`, `cost`, `maintenance_person`, `status`, `image_path`) VALUES
(1, 1, '2023-11-22', 'engineig', NULL, 'MaintainXD', 'Pending', NULL),
(2, 1, '2023-11-10', 'engineig', 12332.00, 'MaintainXD', 'Pending', NULL),
(3, 1, '2023-12-01', 'engineig', 12312321.00, 'Maintenance Person', 'Finished', NULL),
(4, 1, '2023-11-24', 'engineig', NULL, 'Maintenance Person', 'Pending', ''),
(5, 1, '2023-11-17', 'engineig', NULL, 'Maintenance Person', 'Pending', '../../../assets/images/uploadedimgs'),
(6, 1, '2023-11-11', 'asdasd', 33322.00, 'Maintenance Person', 'Pending', '../../../assets/images/uploadedimgs'),
(9, 2, '2023-11-09', 'engineig', 123123.00, 'Test Maintain', 'Finished', '../../../assets/images/uploadedimgs'),
(12, 7, '2023-12-02', 'Engine', 100.00, 'Arseniy Arseniev', 'Pending', '../../../assets/images/uploadedimgs');

-- --------------------------------------------------------

--
-- Table structure for table `user`
--

CREATE TABLE `user` (
  `UserID` int(11) NOT NULL,
  `FirstName` varchar(50) NOT NULL,
  `LastName` varchar(50) NOT NULL,
  `Password` varchar(255) NOT NULL,
  `Email` varchar(100) NOT NULL CHECK (`Email` like '%@%.%'),
  `ContactNumber` varchar(15) NOT NULL
) ENGINE=InnoDB DEFAULT CHARSET=utf8mb4 COLLATE=utf8mb4_general_ci;

--
-- Dumping data for table `user`
--

INSERT INTO `user` (`UserID`, `FirstName`, `LastName`, `Password`, `Email`, `ContactNumber`) VALUES
(1, 'Arseniy', 'Dylenya', 'password_hash_here', 'assd@gmail.com', '87051233223'),
(4, 'asdsad', 'asdasda', 'password_hash_here', 'asdasd@gmail.com', '832183128'),
(7, 'Admin', 'Admin', '$2y$10$NUPAIQM.JU7tYT2oo2aYEuZ1RYVp4kg87kNgBhAYNAWpmv6HT4qtC', 'arseniy.dylenya@nu.edu.kz', 'N/A'),
(9, 'test', 'test1', '$2y$10$NoCQP6h3gA3AGUc408r4Re7A1FpANPBkq6xwy00t2aE0wIG3/ueHW', 'test@gmail.com', '871232323'),
(16, 'test', 'fuelpers4', '$2y$10$CfBJlvCXtKz1r2wpZfkXbecshmEeP1lxpWltK/VlPFZCsE5A6CWE.', 'fuelingperson4@gmail.com', '345243423'),
(17, 'Test', 'Maintain', '$2y$10$MGmPYXUmbmou0uYJCKUbcesaUiDfPHtoRuIoawPuwZXrlPdW1ZMsy', 'maintenanceperson1@gmail.com', '712312321'),
(20, 'root', 'root', '$2y$10$zJaysgKhGmRt7wQw4udVAewiB3J29.lmjg7p9HnG78iBJfQ2EbnE6', 'root@gmail.com', '7777777'),
(35, 'Askar', 'Askarov', '$2y$10$kOgFtiuqSVcn0Y3wF2Erq.Z6qcIx4k7S2ZwRRwYcX.ewlbw7v31sG', 'askar@gmail.com', '8765437654'),
(36, 'Bolat', 'Bolatov', '$2y$10$FK4Z7PJyBzntM01xWKsvzeulkpikANBicZIKARxOXJtjfNxxvA.uC', 'bolat@gmail.com', '876376432'),
(37, 'Andrey', 'Andreev', '$2y$10$Rzl8.TzPgVerUNR7YpUYIu6RioAwrXnFCBrDZg2DeDiSdOSYnnnkW', 'andrey@gmail.com', '821637123'),
(38, 'Arseniy', 'Arseniev', '$2y$10$EA9b1GNNpDa9yRDgvGGSG.pBllo0GsAyn8crggmk5TMiSQphwupW6', 'arseniya@gmail.com', '8123672163');

-- --------------------------------------------------------

--
-- Table structure for table `vehicle`
--

CREATE TABLE `vehicle` (
  `VehicleID` int(11) NOT NULL,
  `Model` varchar(50) NOT NULL,
  `ManufactureYear` int(11) DEFAULT NULL,
  `LicensePlate` varchar(50) NOT NULL,
  `SeatingCapacity` int(11) DEFAULT NULL CHECK (`SeatingCapacity` between 1 and 50),
  `DriverID` int(11) DEFAULT NULL
) ENGINE=InnoDB DEFAULT CHARSET=utf8mb4 COLLATE=utf8mb4_general_ci;

--
-- Dumping data for table `vehicle`
--

INSERT INTO `vehicle` (`VehicleID`, `Model`, `ManufactureYear`, `LicensePlate`, `SeatingCapacity`, `DriverID`) VALUES
(2, 'Nexia', 2001, '003SSD', 2, NULL),
(4, 'Tucson', 2023, '777SAI', 12, NULL),
(7, 'Camry', 2015, '003SKY', 3, 7);

--
-- Triggers `vehicle`
--
DELIMITER $$
CREATE TRIGGER `CheckManufactureYear` BEFORE INSERT ON `vehicle` FOR EACH ROW BEGIN
    IF NEW.ManufactureYear < 1900 OR NEW.ManufactureYear > YEAR(CURDATE()) THEN
        SIGNAL SQLSTATE '45000'
        SET MESSAGE_TEXT = 'ManufactureYear is out of range';
    END IF;
END
$$
DELIMITER ;

--
-- Indexes for dumped tables
--

--
-- Indexes for table `admin`
--
ALTER TABLE `admin`
  ADD PRIMARY KEY (`AdminID`),
  ADD KEY `UserID` (`UserID`);

--
-- Indexes for table `bookings`
--
ALTER TABLE `bookings`
  ADD PRIMARY KEY (`booking_id`),
  ADD KEY `vehicle_id` (`vehicle_id`),
  ADD KEY `employee` (`employee`);

--
-- Indexes for table `driver`
--
ALTER TABLE `driver`
  ADD PRIMARY KEY (`DriverID`),
  ADD KEY `UserID` (`UserID`);

--
-- Indexes for table `employee`
--
ALTER TABLE `employee`
  ADD PRIMARY KEY (`EmployeeID`),
  ADD KEY `UserID` (`UserID`);

--
-- Indexes for table `fuelingperson`
--
ALTER TABLE `fuelingperson`
  ADD PRIMARY KEY (`FuelingPersonID`),
  ADD KEY `UserID` (`UserID`);

--
-- Indexes for table `fueling_tasks`
--
ALTER TABLE `fueling_tasks`
  ADD PRIMARY KEY (`FuelingTaskID`),
  ADD KEY `VehicleID` (`VehicleID`);

--
-- Indexes for table `maintenancepersonnel`
--
ALTER TABLE `maintenancepersonnel`
  ADD PRIMARY KEY (`MaintenancePersonnelID`),
  ADD KEY `UserID` (`UserID`);

--
-- Indexes for table `maintenance_tasks`
--
ALTER TABLE `maintenance_tasks`
  ADD PRIMARY KEY (`maintenance_task_id`);

--
-- Indexes for table `user`
--
ALTER TABLE `user`
  ADD PRIMARY KEY (`UserID`),
  ADD UNIQUE KEY `Email` (`Email`);

--
-- Indexes for table `vehicle`
--
ALTER TABLE `vehicle`
  ADD PRIMARY KEY (`VehicleID`),
  ADD KEY `DriverID` (`DriverID`);

--
-- AUTO_INCREMENT for dumped tables
--

--
-- AUTO_INCREMENT for table `admin`
--
ALTER TABLE `admin`
  MODIFY `AdminID` int(11) NOT NULL AUTO_INCREMENT, AUTO_INCREMENT=3;

--
-- AUTO_INCREMENT for table `bookings`
--
ALTER TABLE `bookings`
  MODIFY `booking_id` int(11) NOT NULL AUTO_INCREMENT, AUTO_INCREMENT=10;

--
-- AUTO_INCREMENT for table `driver`
--
ALTER TABLE `driver`
  MODIFY `DriverID` int(11) NOT NULL AUTO_INCREMENT, AUTO_INCREMENT=8;

--
-- AUTO_INCREMENT for table `employee`
--
ALTER TABLE `employee`
  MODIFY `EmployeeID` int(11) NOT NULL AUTO_INCREMENT, AUTO_INCREMENT=12;

--
-- AUTO_INCREMENT for table `fuelingperson`
--
ALTER TABLE `fuelingperson`
  MODIFY `FuelingPersonID` int(11) NOT NULL AUTO_INCREMENT, AUTO_INCREMENT=10;

--
-- AUTO_INCREMENT for table `fueling_tasks`
--
ALTER TABLE `fueling_tasks`
  MODIFY `FuelingTaskID` int(11) NOT NULL AUTO_INCREMENT, AUTO_INCREMENT=8;

--
-- AUTO_INCREMENT for table `maintenancepersonnel`
--
ALTER TABLE `maintenancepersonnel`
  MODIFY `MaintenancePersonnelID` int(11) NOT NULL AUTO_INCREMENT, AUTO_INCREMENT=7;

--
-- AUTO_INCREMENT for table `maintenance_tasks`
--
ALTER TABLE `maintenance_tasks`
  MODIFY `maintenance_task_id` int(11) NOT NULL AUTO_INCREMENT, AUTO_INCREMENT=13;

--
-- AUTO_INCREMENT for table `user`
--
ALTER TABLE `user`
  MODIFY `UserID` int(11) NOT NULL AUTO_INCREMENT, AUTO_INCREMENT=39;

--
-- AUTO_INCREMENT for table `vehicle`
--
ALTER TABLE `vehicle`
  MODIFY `VehicleID` int(11) NOT NULL AUTO_INCREMENT, AUTO_INCREMENT=8;

--
-- Constraints for dumped tables
--

--
-- Constraints for table `admin`
--
ALTER TABLE `admin`
  ADD CONSTRAINT `admin_ibfk_1` FOREIGN KEY (`UserID`) REFERENCES `user` (`UserID`) ON DELETE CASCADE ON UPDATE CASCADE;

--
-- Constraints for table `bookings`
--
ALTER TABLE `bookings`
  ADD CONSTRAINT `bookings_ibfk_1` FOREIGN KEY (`vehicle_id`) REFERENCES `vehicle` (`VehicleID`) ON DELETE CASCADE ON UPDATE CASCADE,
  ADD CONSTRAINT `bookings_ibfk_2` FOREIGN KEY (`employee`) REFERENCES `employee` (`EmployeeID`) ON DELETE CASCADE ON UPDATE CASCADE;

--
-- Constraints for table `driver`
--
ALTER TABLE `driver`
  ADD CONSTRAINT `driver_ibfk_1` FOREIGN KEY (`UserID`) REFERENCES `user` (`UserID`) ON DELETE CASCADE ON UPDATE CASCADE;

--
-- Constraints for table `employee`
--
ALTER TABLE `employee`
  ADD CONSTRAINT `employee_ibfk_1` FOREIGN KEY (`UserID`) REFERENCES `user` (`UserID`) ON DELETE CASCADE ON UPDATE CASCADE;

--
-- Constraints for table `fuelingperson`
--
ALTER TABLE `fuelingperson`
  ADD CONSTRAINT `fuelingperson_ibfk_1` FOREIGN KEY (`UserID`) REFERENCES `user` (`UserID`) ON DELETE CASCADE ON UPDATE CASCADE;

--
-- Constraints for table `maintenancepersonnel`
--
ALTER TABLE `maintenancepersonnel`
  ADD CONSTRAINT `maintenancepersonnel_ibfk_1` FOREIGN KEY (`UserID`) REFERENCES `user` (`UserID`) ON DELETE CASCADE ON UPDATE CASCADE;

--
-- Constraints for table `vehicle`
--
ALTER TABLE `vehicle`
  ADD CONSTRAINT `vehicle_ibfk_1` FOREIGN KEY (`DriverID`) REFERENCES `driver` (`DriverID`) ON DELETE SET NULL ON UPDATE CASCADE;
COMMIT;

/*!40101 SET CHARACTER_SET_CLIENT=@OLD_CHARACTER_SET_CLIENT */;
/*!40101 SET CHARACTER_SET_RESULTS=@OLD_CHARACTER_SET_RESULTS */;
/*!40101 SET COLLATION_CONNECTION=@OLD_COLLATION_CONNECTION */;
